country,country_code,affected_regions,start_date,end_date,cause,affected_services,link,source
Afghanistan,AF,Nationwide,2022-10-17,2022-12-01,Information control,"TikTok, PUBG",https://www.bbc.com/news/world-asia-61185931; https://www.wired.com/story/the-taliban-cant-stop-tiktok/,Access Now
Algeria,DZ,National,2023-06-11,2023-06-15,exams,News Media,"https://pulse.internetsociety.org/shutdowns/algeria-begins-shutting-down-the-internet-during-exams, https://pulse.internetsociety.org/shutdowns/algeria-second-day-of-exam-shutdowns, https://pulse.internetsociety.org/shutdowns/algeria-third-day-of-exam-shutdowns, https://pulse.internetsociety.org/shutdowns/algeria-fourth-day-of-exam-shutdowns, https://pulse.internetsociety.org/shutdowns/no-internet-during-physics-exams-in-algeria",Pulse
Algeria,DZ,Nationwide,2022-06-13,2022-06-13,Exam cheating,,https://blog.cloudflare.com/syria-sudan-algeria-exam-internet-shutdown/,Access Now
Algeria,DZ,National,2020-09-12,2020-09-17,Exam cheating,"Facebook, Twitter, WhatsApp, Instagram, Telegram, Social media and messaging services","https://smex.org/noexamshutdown-4-mena-countries-shut-down-the-internet-so-far-to-fight-cheating/#:~:text=On%20a%20daily%20basis%2C%20the,a%20half%20hours%20each%20day.&text=In%20Algeria%2C%20the%20high%20school,September%2013%20to%20September%2017.; https://netblocks.org/reports/social-media-restricted-and-internet-cut-during-algeria-school-exams-xAGolxAz;","Access Now, NetBlocks"
Algeria,DZ,National,2019-08-08,2019-08-08,,"YouTube as well as Android mobile platform backends, Google Translate, Google Hangouts and Play Store",,NetBlocks
Algeria,DZ,National,2019-06-15,2019-06-20,"Exam cheating, protests, exams","Facebook, Twitter, WhatsApp, Instagram,Tout Sur l’Algérie and Algérie Part websites, Facebook, Twitter, Instagram, Tumblr, Pinterest, LinkedIn, Tinder, Russian social networks VKontakte and Odnoklassniki as well as servers for messaging apps WhatsApp, Telegram, Skype, Viber and Line, Facebook, Twitter, WhatsApp, Instagram, Social media restrictions on Algeria Telecom","Facebook Transparency Report, https://cpj.org/2019/06/two-news-websites-inaccessible-in-algeria-amid-pro.php, https://netblocks.org/reports/facebook-twitter-instagram-whatsapp-and-other-social-media-blocked-in-algeria-eBOgJxBZ, https://www.middleeasteye.net/news/algeria-block-internet-access-during-school-exams, https://pulse.internetsociety.org/shutdowns/shutdown-132","Pulse, Access Now, NetBlocks"
Algeria,DZ,National,2019-02-21,2019-02-21,Protests,Facebook,https://transparency.facebook.com/internet-disruptions,Access Now
Algeria,DZ,Nationwide,2018-06-21,2018-06-25,Exam cheating,Facebook,https://www.aljazeera.com/news/2018/06/algeria-iraq-shut-internet-prevent-exam-cheating-180621074343644.html,Access Now
Algeria,DZ,nationwide,2016-06-19,,Unknown,"Social media, 3G mobile internet",http://www.reuters.com/article/us-algeria-media-idUSKCN0Z50JX,Access Now
Armenia,AM,Regional,2022-09-13,2022-09-21,Political instability,"TikTok, Blocking TikTok",https://ooni.org/post/2022-azerbaijan-and-armenia-blocks-tiktok/,"OONI, Access Now, NetBlocks"
Azerbaijan,AZ,National,2024-10-08,2024-10-10,,Twitter/X,,OONI
Azerbaijan,AZ,Nationwide,2023-09-19,2023-10-31,Other,"TikTok, TikTok and the Google Play Store",https://explorer.ooni.org/findings/67768606801,"OONI, Access Now"
Azerbaijan,AZ,Regional,2022-12-25,,,Blocking of the Guardian on some ISPs,,OONI
Azerbaijan,AZ,Nationwide,2022-09-13,2022-11-06,Political instability,"TikTok, Blocking TikTok","https://ooni.org/post/2022-azerbaijan-and-armenia-blocks-tiktok/, https://dtx.gov.az/az/news/1715.html","OONI, Access Now, NetBlocks"
Azerbaijan,AZ,National,2020-09-27,2020-11-20,,"Facebook, WhatsApp, YouTube, Instagram, TikTok, LinkedIn and Twitter, Zoom, Skype and Messenger, Blocking of social media websites during Nagorno-Karabakh war",,"OONI, NetBlocks"
Azerbaijan,AZ,Regional,2020-01-03,2020-01-15,Protests,,,Access Now
Azerbaijan,AZ,National,2017-09-05,,,Blocking of occrp.org,https://www.meydan.tv/en/article/occrp-blocked-in-azerbaijan/,OONI
Azerbaijan,AZ,National,2017-05-12,,,Blocking of rferl.org,https://www.rferl.org/a/azerbaijan-rferl-service-website-court-orders-blocked/28482679.html,OONI
Bangladesh,BD,National,2024-08-04,2024-08-05,protests,"Facebook, Facebook Messenger, Instagram, Signal, Telegram, WhatsApp, X (Formerly Twitter), YouTube",https://pulse.internetsociety.org/shutdowns/service-blocking-bangladesh-4-august,Pulse
Bangladesh,BD,National,2024-07-16,2024-08-30,protests,"Facebook, Facebook, Facebook Messenger, Instagram, Signal, Telegram, WhatsApp, X (Formerly Twitter), YouTube",https://pulse.internetsociety.org/shutdowns/service-blocking-bangladesh-16-july,"OONI, Pulse"
Bangladesh,BD,Regional,2024-01-06,2024-01-07,,News media,,OONI
Bangladesh,BD,Barisal,2022-11-05,2022-11-05,Protests,"Facebook, WhatsApp, IMO messenger",https://archive.ph/DlYUC; https://archive.vn/xeRVL; https://archive.ph/rPe59,Access Now
Bangladesh,BD,National,2021-03-26,2021-03-29,"Protests, protests","Broadband, Mobile, Facebook, Facebook and Facebook Messenger, Facebook, Messenger","https://pulse.internetsociety.org/shutdowns/bangladesh, https://www.thedailystar.net/bangladesh/news/amid-modi-visit-facebook-says-services-restricted-bangladesh-2067693","Pulse, Access Now, NetBlocks"
Bangladesh,BD,Nationwide,2018-11-21,2018-11-22,Information control,Skype,https://www.thedailystar.net/js-polls-2018/btrc-blocks-skype-1662676,Access Now
Belarus,BY,National,2020-08-22,,,"Blocking of 86+ websites (mainly news media, electoral sites, and sites expressing political criticism) amidst protests",,OONI
Belarus,BY,National,2020-08-13,,,"Filtering exact domains of local news platforms, opposition election websites, webmail and VPN services",,NetBlocks
Belarus,BY,National,2020-08-09,2020-12-07,Elections,"Facebook, Twitter, WhatsApp, Instagram, Telegram, Youtube, Viber, Shutdowns; keyword blocking social media, search engines and news sites; Blocking SSL traffic destined to popular messaging apps, social media platforms, email providers, VPNs, etc.; blocking of belarus2020.org","https://netobservatory.by/belarus-shutdown-2020-en/; https://netblocks.org/reports/internet-disruption-hits-belarus-on-election-day-YAE2jKB3, https://blog.psiphon.ca/2020/08/20/amid-major-network-disruptions-1.76m-psiphon-users-in-belarus/","Access Now, NetBlocks"
Belarus,BY,National,2020-06-19,2020-06-16,Other,"Telegram, Viber and corporate VPN service providers",https://netobservatory.by/belarus-shutdown-2020-en/,Access Now
Belarus,BY,National,2016-12-01,,,Blocking Tor,,OONI
Benin,BJ,National,2019-05-01,2019-05-02,"no_cause, Protests","Facebook, Twitter, WhatsApp, Instagram, Telegram, VPN services","https://netblocks.org/reports/new-internet-disruption-in-benin-amid-riots-following-elections-W80ZKLBK, https://pulse.internetsociety.org/shutdowns/shutdown-84","Pulse, Access Now"
Benin,BJ,National,2019-04-27,2019-04-29,"no_cause, elections, Elections","Blocking social media, also scattered shutdowns 28/29, Facebook, Twitter, Instagram and messaging apps WhatsApp, Telegram and Viber + Shutdowns, Facebook, Twitter, WhatsApp, Instagram, Telegram, VPN services","https://pulse.internetsociety.org/shutdowns/shutdown-80, https://twitter.com/netblocks/status/1122449020243382272, https://techweez.com/2019/04/28/benin-social-media-blackout/, https://transparency.facebook.com/internet-disruptions","Pulse, Access Now, NetBlocks, OONI"
Brazil,BR,National,2024-08-31,2024-10-11,,Twitter/X,,OONI
Brazil,BR,Nationwide,2023-04-26,2023-04-30,Information control,"Telegram, Blocking Telegram",https://ooni.org/post/2023-brazil-telegram/; https://explorer.ooni.org/chart/mat?test_name=telegram&axis_x=measurement_start_day&since=2023-04-17&until=2023-05-02&time_grain=day&probe_cc=BR; https://www.dw.com/en/brazil-court-orders-temporary-suspension-of-telegram-over-neo-nazi-probe/a-65446224,"OONI, Access Now, NetBlocks"
Brazil,BR,Nationwide,2022-03-18,2022-03-20,Elections,Telegram,"https://www.dw.com/en/brazil-telegram-messaging-app-blocked-by-top-court/a-61183805, https://www.reuters.com/technology/brazil-court-gives-telegram-sunday-deadline-comply-with-order-2022-03-20/, https://explorer.ooni.org/chart/mat?probe_cc=BR&test_name=telegram&since=2022-03-01&until=2022-04-01&axis_x=measurement_start_day",Access Now
Brazil,BR,nationwide,2016-07-19,2016-07-19,Other,WhatsApp,http://m.folha.uol.com.br/mercado/2016/07/1793291-presidente-do-stf-suspende-bloqueio-do-whatsapp-no-brasil.shtml,Access Now
Brazil,BR,nationwide,2016-05-02,2016-05-03,Other,"Blocking WhatsApp, WhatsApp",http://tecnologia.elpais.com/tecnologia/2016/05/02/actualidad/1462203263_150504.html?id_externo_rsoc=TW_CM,"OONI, Access Now"
Brazil,BR,National,2015-12-17,2015-12-17,,Blocking WhatsApp,,OONI
Burkina Faso,BF,Nationwide,2022-01-10,2022-01-24,Political instability,"Facebook, Facebook, WhatsApp",https://afriksoir.net/burkina-faso-internet-encore-coupe-au-lendemain-sommet-cedeao/; https://pulse.internetsociety.org/shutdowns/second-shutdown-in-a-month-in-burkina-faso,"Access Now, NetBlocks"
Burundi,BI,National,2020-05-20,2020-05-21,Elections,"Blocking of social media during elections, Twitter, Facebook, Instagram, Telegram and WhatsApp, Facebook, Twitter, WhatsApp, Instagram, Telegram, Youtube and other Google services","https://www.accessnow.org/keepiton-burundi-silences-the-majority-on-election-day/, https://www.bbc.com/news/world-africa-52737081","OONI, Access Now, NetBlocks"
Cambodia,KH,National,2023-07-17,,,News media,,OONI
Cambodia,KH,National,2023-02-13,,,Voice of Democracy,,OONI
Cambodia,KH,National,2022-02-16,,,Blocking of illegal gambling sites,https://focusgn.com/asia-pacific/cambodia-blocks-15-illegal-lottery-websites,OONI
Cambodia,KH,National,2018-07-27,,,"Blocking news media before election, Blocking of independent news media before election",https://cpj.org/2018/07/cpj-condemns-pre-election-news-censorship-in-cambo/,OONI
Cameroon,CM,Nationwide,2018-10-20,2018-10-22,"elections, Elections","Facebook, WhatsApp",https://netblocks.org/reports/facebook-and-whatsapp-restricted-in-cameroon-on-eve-of-election-results-YkArL1yj,"Access Now, NetBlocks"
Cameroon,CM,Anglophone region,2017-09-30,2018-04-01,Protests,"Facebook, Twitter, WhatsApp",http://www.africanews.com/2017/09/30/cameroon-blocks-social-media-access-in-restive-english-speaking-regions/,Access Now
Chad,TD,National,2020-08-04,2020-08-18,Communal violence,WhatsApp,https://www.rfi.fr/fr/afrique/20200729-tchad-les-coupures-dinternet-multiplient-depuis-une-semaine?fbclid=IwAR0PRC29WHSL1WKQSFw_UyMXWRHxGvUZdpiwf_sp7Dg5me48PCDUlv-VHTg; https://www.aljazeera.com/news/2020/8/4/chad-slows-down-internet-to-curb-hate-speech-on-social-media;,Access Now
Chad,TD,National,2020-07-22,2020-08-18,Communal violence,WhatsApp,https://www.rfi.fr/fr/afrique/20200729-tchad-les-coupures-dinternet-multiplient-depuis-une-semaine?fbclid=IwAR0PRC29WHSL1WKQSFw_UyMXWRHxGvUZdpiwf_sp7Dg5me48PCDUlv-VHTg; https://www.aljazeera.com/news/2020/8/4/chad-slows-down-internet-to-curb-hate-speech-on-social-media;,"Access Now, NetBlocks"
Chad,TD,National,2018-03-28,2019-07-13,"government_action, Protests","Facebook, Twitter, WhatsApp, Instagram, Telegram, YouTube, Viber, Facebook, Twitter, WhatsApp, Instagram, YouTube, Viber","https://qz.com/1247234/chad-has-blocked-social-messaging-apps-bbc-amid-political-and-economic-anxiety/, https://qz.com/africa/1667263/chads-idriss-deby-unblocks-social-media-after-record-shutdown/, https://pulse.internetsociety.org/shutdowns/shutdown-0","Pulse, Access Now"
Chad,TD,nationwide,2016-04-09,2016-04-13,Elections,,http://www.africanews.com/2016/04/11/chad-elections-major-internet-blackout-ahead-of-declaration/,Access Now
China,CN,National,2023-07-07,,,"OONI, Blocking OONI",,OONI
China,CN,National,2023-06-22,,,"F-Droid, Blocking F-Droid website",https://x.com/OpenObservatory/status/1673659531639894019,OONI
China,CN,Nationwide,2021-12-03,,Information control,Grindr,https://explorer.ooni.org/chart/mat?probe_cc=CN&since=2021-01-01&until=2021-12-31&time_grain=day&axis_x=measurement_start_day&test_name=web_connectivity&domain=www.grindr.com; https://ooni.org/post/2023-jordan-blocks-grindr/#conclusion; https://explorer.ooni.org/chart/mat?probe_cc=CN&since=2023-01-01&until=2024-04-01&time_grain=day&axis_x=measurement_start_day&test_name=web_connectivity&domain=www.grindr.com; https://www.them.us/story/grindr-removed-china-app-stores-privacy,Access Now
China,CN,Nationwide except for HK SAR,2021-03-16,,Information control,"Blocking Signal, Signal",https://techcrunch.com/2021/03/15/signal-is-down-in-china/,"OONI, Access Now"
China,CN,"Guangdong Province, Shanghai, Chongqing, and other places",2019-05-20,2019-05-31,"no_cause, Religious holiday/anniversary",,"https://pulse.internetsociety.org/shutdowns/shutdown-103, https://3g.163.com/dy/article/EGHRU2160527L76N.html","Pulse, Access Now"
China,CN,National,2019-04-25,,,Blocking all of Wikipedia,,OONI
China,CN,Nationwide,2017-07-11,,Unknown,WhatsApp,https://www.nytimes.com/2017/07/18/technology/whatsapp-facebook-china-internet.html,Access Now
China,CN,National,2016-11-10,,,Blocking Chinese language Wikipedia,,OONI
Congo (Democratic Republic of the),CD,nationwide,2017-08-07,,Protests,"Facebook, Twitter, WhatsApp, Instagram","http://www.africanews.com/2017/08/08/drc-opposition-observes-national-shutdown-government-blocks-social-media//, https://www.reuters.com/article/us-congo-violence-internet/congo-orders-internet-slowdown-to-restrict-social-media-telecoms-source-idUSKBN1AN2DE",Access Now
Congo (Democratic Republic of the),CD,nationwide,2016-12-18,2016-12-19,Protests,"Facebook, WhatsApp, Instagram, Skype, Viber, Pinterest, YouTube, LinkedIn. ""Sharing of images, video and voice (data) over the network.""",http://uk.reuters.com/article/congo-violence-telecoms-idUKL5N1EA5MG,Access Now
Cuba,CU,Most of the country,2021-07-11,2021-07-18,Protests,"Blocking Signal (along with other social media amid protests), Facebook, WhatsApp, Instagram, Telegram, WhatsApp, Facebook, Instagram, some Telegram servers, YouTube",https://www.accessnow.org/patria-y-vida-cuba/; https://twitter.com/DougMadory/status/1414327987525275659; https://twitter.com/OpenObservatory/status/1414622433156476930,"OONI, Access Now, NetBlocks"
Cuba,CU,National,2020-12-10,,,"Facebook, Twitter",,NetBlocks
Cuba,CU,National,2020-11-27,2020-11-30,Protests,"Twitter, WhatsApp, YouTube, and some Google and Facebook servers, Facebook, Twitter, Telegram, Youtube",https://www.reuters.com/article/us-cuba-politics-opposition/cuban-government-backtracks-on-deal-with-protesters-idUSKBN28A00J,"Access Now, NetBlocks"
Cuba,CU,National,2019-02-24,,,Blocking independent media,,OONI
Ecuador,EC,Regional,2020-06-11,2020-06-11,Unknown,Twitter,https://twitter.com/valeriabet/status/1270871388136648704,Access Now
Ecuador,EC,National,2019-10-06,2019-10-07,"Protests, protests","Facebook, Twitter, WhatsApp, Social media backend image and CDN servers (Facebook and WhatsApp)","https://pulse.internetsociety.org/shutdowns/shutdown-182, https://advox.globalvoices.org/2019/10/11/netizen-report-turkey-iraq-and-ecuador-face-network-shutdowns-amid-conflict-public-protests/, https://netblocks.org/reports/evidence-of-social-media-disruptions-in-ecuador-as-crisis-deepens-oy9RN483","Pulse, Access Now, NetBlocks"
Egypt,EG,National,2023-06-01,,,Proton services,,OONI
Egypt,EG,National,2020-10-22,2020-10-23,"Unknown, no_cause",Telegram,"https://masaar.net/%D8%A7%D9%84%D8%B3%D9%84%D8%B7%D8%A7%D8%AA-%D8%A7%D9%84%D9%85%D8%B5%D8%B1%D9%8A%D8%A9-%D8%AA%D8%AD%D8%AC%D8%A8-%D8%AA%D9%84%D8%AC%D8%B1%D8%A7%D9%85/, https://pulse.internetsociety.org/shutdowns/egypt","Pulse, Access Now"
Egypt,EG,National,2019-09-22,2019-09-23,"Protests, protests","Facebook, Twitter, WhatsApp, Instagram, Skype, Facebook Messenger, Facebook image CDN servers, BBC News, Twitter, Skype, Blocking BBC and Alhurra news media websites coinciding with protests","https://netblocks.org/reports/facebook-messenger-social-media-and-news-sites-disrupted-in-egypt-amid-protests-eA1Jd7Bp, https://www.vice.com/en_us/article/pa73nv/sisi-is-already-trying-to-crush-those-anti-government-protests-in-egypt, https://www.top10vpn.com/assets/2020/01/Top10VPN.com-Cost-of-Internet-Shutdowns-2019-Supporting-Data.pdf, https://pulse.internetsociety.org/shutdowns/shutdown-178","OONI, Access Now, NetBlocks, Pulse"
Egypt,EG,National,2019-04-18,2019-04-18,,Bitly,,NetBlocks
Egypt,EG,National,2019-04-15,,,"Blocking 34,000 domains hosted at on a shared IP address",,NetBlocks
Egypt,EG,National,2019-04-09,,,"Voiceonline, an opposition campaign petition website",,NetBlocks
Egypt,EG,National,2017-05-24,,,Blocking news media websites,,OONI
Egypt,EG,nationwide,2016-12-19,,Unknown,Signal,https://twitter.com/whispersystems/status/810945070182469632,Access Now
Egypt,EG,National,2016-12-17,,,Blocking Signal,,OONI
Egypt,EG,National,2016-10-02,,,Targeted blocking of Tor default configurations,,OONI
Egypt,EG,National,2016-10-25,,,Targeted blocking of Tor default configurations,,OONI
Egypt,EG,National,2016-08-27,2016-09-01,,HTTPS throttling to servics using DigOcean's Frankfurt server,,OONI
Egypt,EG,National,2016-01-05,,,Blocking HTTP connections to media website www.alaraby.co.uk,,OONI
Equatorial Guinea,GQ,nationwide,2017-10-27,2017-11-11,Elections,Facebook,https://www.enca.com/africa/eguinea-ruling-party-expected-to-maintain-grip-as-nation-votes,Access Now
Eritrea,ER,National,2019-06-15,2019-06-25,"no_cause, Protests","Facebook, Other social media platforms","https://pulse.internetsociety.org/shutdowns/shutdown-131, https://www.africanews.com/2019/05/15/eritrea-blocks-internet-reportedly-to-curb-planned-protests/, https://www.top10vpn.com/assets/2020/01/Top10VPN.com-Cost-of-Internet-Shutdowns-2019-Supporting-Data.pdf","Pulse, Access Now"
Eswatini,SZ,Entire country,2021-10-15,2021-10-15,Protests,"Facebook, Twitter, WhatsApp, Instagram",https://www.news24.com/news24/africa/news/eswatini-pro-democracy-protests-continue-to-mount-as-government-blocks-internet-social-media-20211015,Access Now
Ethiopia,ET,Amhara region,2023-08-02,,Other,"Facebook, Twitter, WhatsApp",https://ehrc.org/amhara-region-concerning-human-rights-violations-in-the-context-of-the-armed-conflict/; https://twitter.com/CloudflareRadar/status/1696160808407839068; https://twitter.com/CARDEthiopia/status/1687027063046221824?s=20,Access Now
Ethiopia,ET,"Nationwide, National",2023-02-09,2023-07-17,"government_action, Protests","Facebook, Telegram, TikTok and YouTube, Facebook, Telegram, TikTok, Facebook, Telegram, TikTok, YouTube, YouTube, Blocking social media amid church split tensions and calls for anti-government protests, Facebook, Telegram, Tik Tok, YouTube","https://ooni.org/post/2023-ethiopia-blocks-social-media/; https://explorer.ooni.org/findings/186069533301; https://www.amnesty.org/en/latest/news/2023/03/ethiopians-in-social-media-blackout-for-second-month/, https://pulse.internetsociety.org/shutdowns/social-media-blocking-in-ethiopia-february-2023","OONI, Access Now, NetBlocks, Pulse"
Ethiopia,ET,National,2021-11-08,2021-11-12,,"Facebook, Messenger, some WhatsApp and Telegram servers",,NetBlocks
Ethiopia,ET,National,2021-05-16,2021-05-16,Unknown,"Facebook, WhatsApp, Instagram",https://x.com/netblocks/status/1394083124062130179,Access Now
Ethiopia,ET,"Kellem Wellega, West Wellega, Horo Gudru Wellega zones",2020-01-03,2020-04-01,Political instability,"Facebook, Twitter, WhatsApp",https://www.hrw.org/news/2020/03/09/ethiopia-communications-shutdown-takes-heavy-toll; https://amharic.voanews.com/a/oromia-violence-1-10-2020-/5240740.html,Access Now
Ethiopia,ET,Regional,2019-08-05,,,Blocking of africanarguments.org,,OONI
Ethiopia,ET,National,2019-06-27,,,"Blocking of whatsapp, Facebook, Instagram, Messenger, WhatsApp, some VPN sites, Telegram, YouTube",,"OONI, NetBlocks"
Ethiopia,ET,National,2019-06-22,2019-08-22,Political Instability,"Facebook, WhatsApp",https://transparency.facebook.com/internet-disruptions,Access Now
Ethiopia,ET,National,2019-06-12,2019-06-18,,Blocking of Whatsapp/Telegram,,OONI
Ethiopia,ET,National,2019-06-10,2019-06-17,,"Blocking WhatsApp, Blocking Telegram",,NetBlocks
Ethiopia,ET,Oromia region and Addis Ababa city,2017-12-12,,Protests,Social media only,http://www.africanews.com/2017/12/12/ethiopia-restricts-internet-access-amidst-new-protests//,Access Now
Ethiopia,ET,Oromia,2016-08-07,,Protests,Social media,http://www.bbc.com/news/world-africa-37004725,Access Now
Ethiopia,ET,Nationwide,2016-07-11,2016-07-13,Unknown,Social media,http://www.bbc.com/news/world-africa-36763572,Access Now
Ethiopia,ET,National,2016-07-09,2016-07-14,,"Blocking of social media around exams, Blocking of social media during exams",https://www.aljazeera.com/news/2016/7/12/ethiopia-blocks-social-media-sites-over-exam-leak,OONI
Ethiopia,ET,"Amhara, Addis Ababa and Oromia",2016-03-07,,,Blocking of the WhatsApp app,,OONI
Gabon,GA,National,2019-01-07,2019-01-08,Political Instability,"Facebook, Twitter, WhatsApp","https://ooni.torproject.org/post/gabon-internet-disruption/, https://cpj.org/2019/01/gabon-shuts-down-the-internet-and-broadcasting-ser.php",Access Now
Gabon,GA,nationwide,2016-08-28,2016-09-29,Protests,,https://www.gabonactu.com/2016/08/rupture-de-linternet-suite-a-panne-gabon-telecom-presente-excuses/ http://money.cnn.com/2016/09/16/technology/internet-censorship-blackouts-gabon/,Access Now
Guinea,GN,"Nationwide, National",2023-11-24,2024-02-23,"no_cause, Information control","Facebook, Instagram, Telegram, TikTok, Signal, WhatsApp, X, YouTube, Facebook, Twitter, WhatsApp, Instagram, Telegram, YouTube, WhatsApp, Telegram, Twitter, Facebook, Instagram and Youtube","https://pulse.internetsociety.org/shutdowns/guinea-enforce-service-blocking-for-second-time-in-2023, https://explorer.ooni.org/findings/296303006301; https://guineenews.org/guinee-les-reseaux-sociaux-sont-perturbes-a-conakry/; https://cpj.org/2023/12/guinean-radio-and-tv-broadcasters-and-social-media-sites-blocked/; https://crisis24.garda.com/alerts/2023/11/guinea-heightened-security-in-response-to-escape-of-high-profile-prisoner-in-conakry-nov-4-update-1; https://www.aljazeera.com/news/2024/2/20/military-leaders-dissolve-government-in-guinea","OONI, Access Now, Pulse"
Guinea,GN,"Nationwide, National",2023-05-17,2023-05-30,"Protests, protests","Facebook, WhatsApp, Instagram, TikTok, Messaging (WhatsApp, Facebook Messenger, Telegram), Social Media (Facebook, Instagram, YouTube, Snapchat), Facebook, WhatsApp, Instagram, Telegram, Snapchat, YouTube, Facebook, Instagram, WhatsApp, YouTube, Snapchat, Telegram","https://pulse.internetsociety.org/shutdowns/social-media-blockage-observed-in-guinea, https://explorer.ooni.org/findings/394000980901; https://www.reuters.com/world/africa/guinean-capital-rocked-by-more-anti-government-protests-2023-05-10/","OONI, Access Now, NetBlocks, Pulse"
Guinea,GN,National,2020-10-23,2020-10-28,Elections,"Facebook, Twitter, WhatsApp, Instagram",https://ioda.caida.org/ioda/dashboard#view=inspect&entity=country/GN&lastView=overview&from=1603281600&until=1603886400,Access Now
Guinea,GN,National,2020-03-21,2020-03-23,Elections,"Facebook, Twitter, WhatsApp, Twitter, Facebook, Instagram, WhatApp",https://www.accessnow.org/a-broken-promise-to-keepiton-guinea-cuts-internet-access-and-blocks-social-media-on-referendum-day/; https://24heuresactu.com/2020/03/20/coupures-internet-guinee-alpha-conde/,"Access Now, NetBlocks"
Hong Kong,HK,National,2022-02-14,,,Blocking of Hong Kong Watch website,https://web.archive.org/web/20220215003834/https://news.mingpao.com/pns/%E6%B8%AF%E8%81%9E/article/20220215/s00002/1644861077099/hong-kong-watch%E7%B6%B2%E9%A0%81%E6%B8%AF%E7%84%A1%E6%B3%95%E5%85%A5-%E7%A8%B1%E6%96%99%E8%AD%A6%E8%A6%81%E6%B1%82,OONI
Hong Kong,HK,National,2021-09-28,,,Blocking of Tiananmen square commemorative website,https://web.archive.org/web/20211021192323/https://www.thestandnews.com/politics/%E5%85%AD%E5%9B%9B%E8%A8%98%E6%86%B6%E4%BA%BA%E6%AC%8A%E5%8D%9A%E7%89%A9%E9%A4%A8%E7%B6%B2%E7%AB%99%E7%96%91%E8%A2%AB%E5%B0%81-%E7%94%B1%E6%94%AF%E8%81%AF%E6%9C%83%E7%9C%BE%E7%B1%8C%E8%A8%AD%E7%AB%8B-%E9%A6%99%E6%B8%AF%E7%B6%B2%E6%B0%91%E9%A0%88%E7%BF%BB%E7%89%86%E7%80%8F%E8%A6%BD,OONI
Hong Kong,HK,National,2021-06-18,,,Blocking of Hong Kong Charter 2021 website,https://www.hk01.com/%E7%A4%BE%E6%9C%83%E6%96%B0%E8%81%9E/639845/%E5%9C%8B%E5%AE%89%E6%B3%95%E4%B8%80%E5%B9%B4-%E9%A6%99%E6%B8%AF%E7%B4%84%E7%AB%A0-%E7%B6%B2%E7%AB%99%E5%86%8D%E8%A2%AB%E7%A6%81-%E6%B6%88%E6%81%AF-%E6%B8%AF%E9%9B%BB%E8%A8%8A%E5%95%86%E8%A2%AB%E5%8B%92%E4%BB%A4%E5%B0%81%E7%B6%B2,OONI
Hong Kong,HK,National,2021-01-06,,,Blocking of HKChronicles website,https://hkchronicles.com/d/view/announcement-on-blockage,OONI
India,IN,"Sadar subdivision, Chhapra town, Saran District, Bihar",2023-10-27,2023-10-29,Communal violence,Unspecified social media services,https://www.firstpost.com/india/bihar-govt-suspends-internet-till-sunday-after-communal-clashes-erupt-in-chhapra-during-religious-procession-13307032.html; https://indianexpress.com/article/india/clash-bihar-town-religious-procession-internet-suspended-two-days-9001979/,Access Now
India,IN,"Raxaul Subdivision, East Champaran District, Bihar",2023-08-26,2023-08-27,Unknown,"Facebook, Twitter, WhatsApp, Telegram, QQ, WeChat, Ozone, Tumblr, Google+, Baidu, Skype, Viber, Line, Snapchat, Pinterest, Reddit, Snaptish, YouTube, Vinc, Xanga, Buaanet, Flickr, ""other social networking sites meant for mass messaging""",https://drive.google.com/file/d/1i0PXW7PJUwEXRNxxNjCX_IEBemYTt6R6/view?usp=drive_link,Access Now
India,IN,"Bagaha town, West Champaran District, Bihar",2023-08-22,2023-08-24,Communal violence,Unspecified messaging and social media services,https://timesofindia.indiatimes.com/city/patna/internet-services-suspended-for-2-days-in-bihars-bagaha-town-after-clash/articleshow/102955016.cms,Access Now
India,IN,"Haspura Block, Aurangabad District, Bihar, Madhubani District, Bihar, Kaimur District, Bihar",2023-07-29,2023-08-01,Communal violence,"Facebook, Twitter, WhatsApp, Telegram, QQ, WeChat, Ozone, Tumblr, Google+, Baidu, Skype, Viber, Line, Snapchat, Pinterest, Reddit, Snaptish, YouTube, Vinc, Xanga, Buaanet, Flickr, ""other social networking sites meant for mass messaging""","https://www.livehindustan.com/bihar/story-internet-ban-in-kaimur-after-darbhanga-madhubani-and-aurangabad-order-issued-8509073.html; https://thewire.in/communalism/bihar-multiple-communal-incidents-in-a-week-internet-suspended-in-four-districts, https://www.livehindustan.com/bihar/story-internet-ban-in-kaimur-after-darbhanga-madhubani-and-aurangabad-order-issued-8509073.html; https://thewire.in/communalism/bihar-multiple-communal-incidents-in-a-week-internet-suspended-in-four-districts; https://drive.google.com/file/d/1dquRjVCG87DgN0CpINYwaOR-3vds9CUX/view?usp=drive_link, https://www.livehindustan.com/bihar/story-internet-ban-in-kaimur-after-darbhanga-madhubani-and-aurangabad-order-issued-8509073.html; https://thewire.in/communalism/bihar-multiple-communal-incidents-in-a-week-internet-suspended-in-four-districts; https://drive.google.com/file/d/1Zg_PrWyr94dJh2cNaXvfCiD0R-VMW-oa/view?usp=drive_link",Access Now
India,IN,"Darbhanga District, Bihar, Darbhanga District",2023-07-27,2023-07-30,"government_action, Communal violence","Facebook, Twitter, WhatsApp, Telegram, QQ, WeChat, Ozone, Tumblr, Google+, Baidu, Skype, Viber, Line, Snapchat, Pinterest, Reddit, Snaptish, YouTube, Vinc, Xanga, Buaanet, Flickr, ""other social networking sites meant for mass messaging"", Social media and messaging services","https://timesofindia.indiatimes.com/city/patna/security-beefed-up-in-dbhanga-days-after-clash/articleshow/102222331.cms; https://twitter.com/ANI/status/1684562791670456323, https://pulse.internetsociety.org/shutdowns/internet-shutdown-in-bihar-27-july-2023","Pulse, Access Now"
India,IN,Nationwide,2023-05-01,,Information control,"Crypviser, Enigma, Safeswiss, Wickrme, Mediafire, Briar, BChat, Nandbox, Conion, IMO, Element, Second line, Zangi, Threema",https://timesofindia.indiatimes.com/india/government-bans-14-messaging-apps-used-by-jk-terrorists/articleshow/99917838.cms,Access Now
India,IN,"Sambalpur District, Odisha",2023-04-13,2023-04-22,Religious holiday/anniversary,"Facebook, Twitter, WhatsApp, Instagram",https://indianewsdiary.com/internet-services-resumes-in-odishas-violence-hit-sambalpur/; https://www.newindianexpress.com/states/odisha/2023/apr/21/sambalpur-violence-internet-respite-but-mobile-users-continue-to-wait-2568001.html; https://odishabytes.com/48-hour-internet-shutdown-in-odihas-sambalpur-after-hanuman-jayanti-rally-clash/,Access Now
India,IN,"Rohtas District, Bihar",2023-04-06,2023-04-08,Unknown,"Facebook, Twitter, WhatsApp, Telegram, QQ, WeChat, Ozone, Tumblr, Google+, Baidu, Skype, Viber, Line, Snapchat, Pinterest, Reddit, Snaptish, YouTube, Vinc, Xanga, Buaanet, Flickr, ""other social networking sites meant for mass messaging""",https://drive.google.com/file/d/1k530prkXxCiBivU0dY36c0FGMrjGjbg9/view?usp=drive_link,Access Now
India,IN,"Nalanda District, Bihar",2023-04-02,2023-04-04,Religious holiday/anniversary,"Facebook, Twitter, WhatsApp, Telegram, QQ, WeChat, Ozone, Tumblr, Google+, Baidu, Skype, Viber, Line, Snapchat, Pinterest, Reddit, Snaptish, YouTube, Vinc, Xanga, Buaanet, Flickr, ""other social networking sites meant for mass messaging""",https://pbs.twimg.com/media/FsuDT7gaYAAhW0M?format=png&name=900x900,Access Now
India,IN,"Saran District, Bihar",2023-02-08,2023-02-10,Communal violence,"Facebook, Twitter, WhatsApp, Telegram, QQ, WeChat, Ozone, Tumblr, Google+, Baidu, Skype, Viber, Line, Snapchat, Pinterest, Reddit, Snaptish, YouTube, Vinc, Xanga, Buaanet, Flickr, ""other social networking sites meant for mass messaging""",https://cdn.sflc.in/random/ist_order.pdf,Access Now
India,IN,"Saran District, Bihar",2023-02-06,2023-02-08,Communal violence,"Facebook, Twitter, WhatsApp, Telegram, QQ, WeChat, Ozone, Tumblr, Google+, Baidu, Skype, Viber, Line, Snapchat, Pinterest, Reddit, Snaptish, YouTube, Vinc, Xanga, Buaanet, Flickr, ""other social networking sites meant for mass messaging""",http://home.bihar.gov.in/CMS/notice.aspx; https://inc42.com/buzz/social-media-platforms-banned-in-bihars-saran-district-until-feb-8/,Access Now
India,IN,17 Districts in Bihar,2022-06-17,2022-06-20,Protests,"Facebook, Twitter, WhatsApp, Instagram, Telegram, QQ, WeChat, Qzone, Tumblr, Google+, Baidu, Skype, Viber, Line, Snapchat, Pinterest, Reddit, Snaptish, YouTube, Vinc, Xanga, Buaanet, Flickr","https://www.hindustantimes.com/cities/patna-news/agnipath-protests-internet-suspended-in-12-bihar-districts-till-june-19-101655474597679.html, https://www.republicworld.com/india-news/general-news/bihar-internet-services-suspended-in-17-districts-till-june-20-over-agnipath-violence-articleshow.html",Access Now
India,IN,"Jaipur, Bharatpur, Sawai Madhopur, Hanumangarh, Ajmer, Bikaner, in Rajasthan",2021-10-27,2021-10-27,Exam cheating,"Facebook, Twitter, WhatsApp, Instagram",https://www.livemint.com/news/india/rpsc-ras-2021-exam-no-internet-in-jaipur-parts-of-rajasthan-till-1-pm-today-11635302827729.html,Access Now
India,IN,"Jind, Karnal, Kurukshetra, Kaithal, Panipat, in Haryana",2021-09-07,2021-09-07,Protests,"Facebook, Twitter, WhatsApp, Instagram",https://sflc.in/letter-haryana-government-reconsider-suspension-internet-5-districts,Access Now
India,IN,Nationwide,2020-06-29,,Other,"TikTok, WeChat, and 57 other Chinese-made apps",https://www.nytimes.com/2020/06/29/world/asia/tik-tok-banned-india-china.html; https://explorer.ooni.org/chart/mat?probe_cc=IN&since=2020-03-29&until=2021-03-30&time_grain=day&axis_x=measurement_start_day&test_name=web_connectivity&domain=www.tiktok.com; https://explorer.ooni.org/chart/mat?probe_cc=IN&since=2023-03-29&until=2024-03-30&time_grain=day&axis_x=measurement_start_day&test_name=web_connectivity&domain=www.tiktok.com,Access Now
India,IN,"Capital, Rajasthan",2019-12-22,2019-12-22,"Protests, protests","Facebook, Twitter, WhatsApp","https://pulse.internetsociety.org/shutdowns/shutdown-206, https://www.news18.com/news/india/internet-metro-to-remain-suspended-in-jaipur-on-sunday-2432175.html","Pulse, Access Now"
India,IN,"Rajasthan (also in Meerut and Saharanpur in western Uttar Pradesh, Palwal, Haryana, and Maharashtra)",2019-11-09,2019-11-11,"government_action, Other","Facebook, Twitter, WhatsApp","https://thewire.in/tech/ayodhya-verdict-internet-suspended-in-parts-of-india, https://pulse.internetsociety.org/shutdowns/shutdown-192","Pulse, Access Now"
India,IN,"Pulwama, Jammu and Kashmir",2019-06-14,,Other,,"https://kashmirreader.com/2019/06/14/pulwama-gunfight-train-services-suspended-mobile-internet-shut/, https://www.business-standard.com/article/news-ians/suspected-let-militants-killed-in-j-k-119061400349_1.html",Access Now
India,IN,"Kendrapara, Odisha",2019-06-05,2019-06-07,Fake News / Hate Speech / Incendiary Content or Promoting Violence,"Facebook, Twitter, WhatsApp",https://pulse.internetsociety.org/shutdowns/shutdown-117,Pulse
India,IN,"Sikar, Rajasthan",2019-04-24,2019-04-25,Unknown,Facebook,Facebook Transparency Report,Access Now
India,IN,"Kashmir Valley, Jammu and Kashmir",2019-04-22,2019-04-24,"Unknown, government_action",Facebook,"Facebook Transparency Report, https://pulse.internetsociety.org/shutdowns/shutdown-76","Pulse, Access Now"
India,IN,"Shopian, Jammu and Kashmir",2019-03-22,2019-03-24,"government_action, Other",Facebook,"Facebook Transparency Report, https://pulse.internetsociety.org/shutdowns/shutdown-55","Pulse, Access Now"
India,IN,"Rajouri and Poonch, Jammu and Kashmir",2019-02-23,2019-02-23,"protests, Communal violence","Facebook, WhatsApp","https://www.greaterkashmir.com/(X(1)S(pesdra55wmmyjbyqvfn0l545))/news/pir-panjal/mobile-internet-service-remains-suspended-in-rajouri-poonch/314087.html, https://indianexpress.com/article/india/jk-section-144-in-poonch-rajouri-after-shops-vehicles-set-on-fire-5598369/, https://pulse.internetsociety.org/shutdowns/shutdown-39","Pulse, Access Now"
India,IN,Kashmir Valley,2017-07-06,2017-07-09,Protests,,http://www.ndtv.com/india-news/internet-suspended-in-kashmir-ahead-of-burhan-wanis-death-anniversary-1721598,Access Now
India,IN,"Saharanpur district, Uttar Pradesh state",2017-05-24,2017-06-03,Political instability,Social media and messaging services,"http://www.timesnownews.com/india/article/mobile-internet-services-suspended-saharanpur-violent-clashes-dalit-rajput/61642, http://indianexpress.com/article/india/saharanpur-after-10-days-internet-services-return-violence-hit-district-4687939/",Access Now
India,IN,"Entire Kashmir Valley, Jammu & Kashmir State",2017-04-17,2017-05-26,Protests,22 websites blocked,"http://www.tribuneindia.com/news/jammu-kashmir/mobile-internet-off-again-as-protests-grip-valley/393438.html, https://www.ndtv.com/india-news/jammu-and-kashmir-train-services-resumed-internet-restored-1681310, https://www.nytimes.com/2017/04/26/world/asia/kashmir-shuts-down-social-networks-for-a-month.html, http://www.telegraph.co.uk/technology/2017/04/27/india-bans-social-media-kashmir-one-month/, http://www.newindianexpress.com/nation/2017/may/26/j-k-government-lifts-ban-on-social-media-in-kashmir-1609482.html",Access Now
India,IN,Jammu,2016-08-05,2016-08-06,Protests,WhatsApp,http://www.hindustantimes.com/india-news/kashmir-violence-internet-services-suspended-in-jammu-more-areas-face-shutdown/story-rUSEEAfHJSFFSvbSKWVc7M.html,Access Now
Indonesia,ID,National,2024-07-29,,,DuckDuckGo,,OONI
Indonesia,ID,National,2022-07-29,,,"Blocking gaming websites, yahoo, Payment Services and Gaming Platforms (e.g., PayPal, Steam)",https://www.theregister.com/2022/08/01/indonesia_blocks_sites_pse_noncompliance/,"OONI, NetBlocks"
Indonesia,ID,National,2019-05-22,2019-05-25,"Elections, protests","WhatsApp, Facebook, Instagram, Telegram, Facebook, Twitter, WhatsApp, Instagram, Facebook Messenger","https://netblocks.org/reports/indonesia-blocks-social-media-as-election-protests-escalate-XADE7LBg, https://techcrunch.com/2019/05/22/indonesia-restricts-whatsapp-and-instagram/, https://securityboulevard.com/2019/06/all-the-internet-shutdowns-of-2019-so-far/, https://transparency.facebook.com/internet-disruptions, https://pulse.internetsociety.org/shutdowns/shutdown-106","Pulse, Access Now, NetBlocks"
Indonesia,ID,Nationwide,2018-04-27,,Information control,Telegram,https://twitter.com/InternetIntel/status/991334539388772353,Access Now
Indonesia,ID,National,2016-11-04,,,Blocking suarapapua.com,,OONI
Indonesia,ID,Nationwide,2016-09-15,,Information control,"Grindr, Blued, BoyAhoy",https://explorer.ooni.org/chart/mat?probe_cc=ID&since=2023-01-01&until=2024-04-01&time_grain=day&axis_x=measurement_start_day&test_name=web_connectivity&domain=www.grindr.com; https://ooni.org/post/2023-jordan-blocks-grindr/#conclusion; https://time.com/4496531/indonesia-lgbt-grinder/,Access Now
Indonesia,ID,National,2014-05-11,,,"Blocking Vimeo, Reddit",https://www.techinasia.com/online-porn-crackdown-vimeo-reddit-imgur-blocked-indonesia,OONI
Iran,IR,National,2022-09-26,,,Blocking of browser extension repositories,,OONI
Iran,IR,National,2022-09-22,2022-10-02,,"Disruption/potential blocking of IPv6 traffic, Blocking of Google play store and Apple app store, Blocking of HTTP/3 and QUIC traffic, Blocking of Skype and LinkedIn","Cloudflare, OONI, Cloudflare",OONI
Iran,IR,"Nationwide, National",2022-09-20,,"government_action, Protests","Blocking of Whatsapp, DoH, WhatsApp, Instagram, Google Play Store, Apple App Store, Skype, LinkedIn, WhatsApp, Instagram, Skype, Viber, LinkedIn, Instagram, WhatsApp, LinkedIn, Skype, Blocking of encrypted DNS","https://ooni.org/post/2022-iran-technical-multistakeholder-report/#blocking-of-whatsapp-instagram-skype-viber-and-linkedin, https://ooni.org/post/2022-iran-technical-multistakeholder-report/#blocking-of-whatsapp-instagram-skype-viber-and-linkedin; https://explorer.ooni.org/chart/mat?probe_cc=IR&since=2023-01-01&until=2024-01-01&time_grain=day&axis_x=measurement_start_day&test_name=whatsapp, https://pulse.internetsociety.org/shutdowns/service-blocking-in-iran","OONI, Access Now, NetBlocks, Pulse"
Iran,IR,"Nationwide, National",2021-01-25,,Unknown,"Blocking Signal, Signal","https://explorer.ooni.org/chart/mat?probe_cc=IR&test_name=signal&since=2022-01-31&until=2023-01-31&axis_x=measurement_start_day; https://www.aljazeera.com/news/2021/1/26/iran-blocks-signal-messaging-app-after-whatsapp-exodus; https://explorer.ooni.org/chart/mat?probe_cc=IR&since=2023-01-01&until=2024-01-01&time_grain=day&axis_x=measurement_start_day&test_name=signal, https://explorer.ooni.org/chart/mat?probe_cc=IR&test_name=signal&since=2022-01-31&until=2023-01-31&axis_x=measurement_start_day; https://www.aljazeera.com/news/2021/1/26/iran-blocks-signal-messaging-app-after-whatsapp-exodus, https://www.aljazeera.com/news/2021/1/26/iran-blocks-signal-messaging-app-after-whatsapp-exodus","OONI, Access Now"
Iran,IR,National,2020-03-02,2020-03-03,,"Blocking Farsi language version of Wikipedia, Farsi language Wikipedia",,"OONI, NetBlocks"
Iran,IR,National,2018-01-01,,,"Blocking of Telegram/Instagram, Blocking of Tor",,OONI
Iran,IR,Nationwide,2017-12-30,2018-01-13,Protests,"Instagram, Telegram, Telegram, etc",http://www.latimes.com/world/middleeast/la-fg-iran-social-media-ban-20180109-story.html,"Access Now, NetBlocks"
Iran,IR,Nationwide,2017-05-12,,Information control,Grindr,https://explorer.ooni.org/chart/mat?probe_cc=IR&since=2017-01-01&until=2017-12-31&time_grain=day&axis_x=measurement_start_day&test_name=web_connectivity&domain=www.grindr.com; https://ooni.org/post/2023-jordan-blocks-grindr/#conclusion; https://explorer.ooni.org/chart/mat?probe_cc=IR&since=2023-01-01&until=2024-04-01&time_grain=day&axis_x=measurement_start_day&test_name=web_connectivity&domain=www.grindr.com,Access Now
Iran,IR,Nationwide,2017-04-28,,Elections,"Instagram, Telegram",https://rsf.org/en/news/iran-deprives-55-million-voters-freely-reported-news,Access Now
Iraq,IQ,Nationwide,2023-08-05,2023-08-13,Exam cheating,Telegram,https://explorer.ooni.org/findings/64077907701; https://www.reuters.com/technology/iraq-blocks-telegram-app-cites-personal-data-violations-2023-08-06/,"OONI, Access Now, NetBlocks"
Iraq,IQ,National,2023-02-13,2023-02-13,exams,"WhatsApp, Facebook, Twitter, Instagram, Telegram",https://pulse.internetsociety.org/shutdowns/social-media-blocked-during-exams-iraq-13-february,Pulse
Iraq,IQ,National,2023-02-11,2023-02-12,exams,"WhatsApp, Facebook, Twitter, Instagram, Telegram","https://pulse.internetsociety.org/shutdowns/social-media-blocked-during-exams-iraq-12-february, https://pulse.internetsociety.org/shutdowns/social-media-blocked-during-exams-iraq-11-february",Pulse
Iraq,IQ,National,2023-02-09,2023-02-10,exams,"WhatsApp, Facebook, Twitter, Instagram, Telegram","https://pulse.internetsociety.org/shutdowns/social-media-blocked-during-exams-iraq-10-february, https://pulse.internetsociety.org/shutdowns/social-media-blocked-during-exams-iraq-9-february",Pulse
Iraq,IQ,National,2023-02-07,2023-02-08,exams,"WhatsApp, Facebook, Twitter, Instagram, Telegram","https://pulse.internetsociety.org/shutdowns/social-media-blocked-during-exams-iraq-8-february, https://pulse.internetsociety.org/shutdowns/social-media-blocked-during-exams-iraq-7-february",Pulse
Iraq,IQ,"Nationwide, National",2023-02-05,2023-02-13,"Exam cheating, exams","Facebook, Twitter, WhatsApp, Instagram, Telegram, WhatsApp, Facebook, Twitter, Instagram, Telegram","https://pulse.internetsociety.org/shutdowns/no-social-media-in-iraq-for-exams, https://twitter.com/SMEX/status/1622523800704221187, https://pulse.internetsociety.org/shutdowns/social-media-blocked-during-exams-iraq-6-february","Pulse, Access Now"
Iraq,IQ,Sulaymaniyah,2020-12-08,2020-12-08,Protests,,https://www.dw.com/en/do-the-violent-protests-in-northern-iraq-signal-a-kurdish-spring/a-55906950,Access Now
Iraq,IQ,National except Kurdish areas,2019-10-25,2019-10-26,"Protests, protests","Facebook, Twitter, WhatsApp, Instagram","https://pulse.internetsociety.org/shutdowns/shutdown-189, https://www.alarabiya.net/ar/arab-and-world/iraq/2019/11/12/%D8%AD%D8%AC%D8%A8-%D8%A7%D9%84%D8%A7%D9%86%D8%AA%D8%B1%D9%86%D8%AA-%D9%81%D9%8A-%D8%A7%D9%84%D8%B9%D8%B1%D8%A7%D9%82-%D8%AE%D8%B1%D9%82-%D9%84%D9%84%D9%82%D9%88%D8%A7%D9%86%D9%8A%D9%86-%D9%88%D8%AE%D8%B3%D8%A7%D8%A6%D8%B1-%D8%A8%D8%A7%D9%87%D8%B8%D8%A9","Pulse, Access Now"
Iraq,IQ,National except Kurdish region,2019-10-02,2019-11-21,"Protests, protests","Facebook, Twitter, WhatsApp, Instagram, Telegram, Facebook, Twitter, WhatsApp, Instagram and other social and messaging apps","https://pulse.internetsociety.org/shutdowns/shutdown-180, https://www.theguardian.com/world/2019/oct/02/at-least-seven-killed-as-iraqi-security-forces-fire-on-protesters,https://www.accessnow.org/amid-massive-anti-government-protests-a-near-total-internet-shutdown-in-iraq/","Pulse, Access Now, NetBlocks"
Iraq,IQ,Northern Iraq including Irbil,2018-07-14,2018-07-16,Protests,"Facebook, Multiple shutdowns in population centers, Facebook and Twitter blocked",https://netblocks.org/reports/study-shows-extent-of-iraq-internet-shutdown-and-social-media-restrictions-during-protests-zPyXjzAE,"Access Now, NetBlocks"
Iraq,IQ,Baghdad,2016-06-04,,Protests,Social media,https://www.middleeastmonitor.com/20160604-baghdad-shuts-down-social-media/,Access Now
Italy,IT,National,2020-05-20,,,Blocking Project Gutenberg website,,OONI
Jordan,JO,Nationwide,2023-08-08,,Information control,"Blocking Grindr, Grindr",https://explorer.ooni.org/findings/179818906201; https://ooni.org/post/2023-jordan-blocks-grindr/,"OONI, Access Now"
Jordan,JO,Nationwide,2022-12-16,,Protests,TikTok,"https://apnews.com/article/jordan-amman-dfee2613c4f45e12faf5874b0c473628, https://twitter.com/jo_osa/status/1603769860584099840","Access Now, NetBlocks"
Jordan,JO,Nationwide,2022-06-30,2022-07-25,Exam cheating,WhatsApp,https://www.jordantimes.com/news/local/social-media-suspension-during-tawjihi-hours-draws-flak; https://www.jordannews.jo/Section-109/News/More-than-200-000-students-to-sit-for-Tawjihi-exams-18726,Access Now
Jordan,JO,National,2021-06-24,2021-07-14,Exam cheating,"Facebook, Messenger, imo",https://en.royanews.tv/news/28968/2021-06-20,Access Now
Jordan,JO,Dabouq in Amman and Umm al-Naaj in Salt,2021-04-03,2021-04-05,Political instability,Several VPN services,"https://freedomhouse.org/country/jordan/freedom-net/2021#footnote1_mduqte3; https://uk.news.yahoo.com/jordans-prince-hamzah-strikes-defiant-093150833.html?guccounter=1&guce_referrer=aHR0cHM6Ly9mcmVlZG9taG91c2Uub3JnLw&guce_referrer_sig=AQAAAEWweHtNCVmqyNeeQCauc8DIL3LjLNKEqP1biZ9z7PSwN0sDgB_108-PyEEe2_ZTTre1MTF88olQVcRbk0-6_7JnHTw3G558j-OIhCx5fq95uGHfWDXvbPZnnq0SvNalA4st6G_lGrT8ZBBKZ117qGPSuC-6ys5aKWdVIKhjCsq0; https://www.7iber.com/technology/%D8%AD%D8%AC%D8%A8-%D8%A7%D9%84%D8%B4%D8%A8%D9%83%D8%A7%D8%AA-%D8%A7%D9%84%D8%A7%D9%81%D8%AA%D8%B1%D8%A7%D8%B6%D9%8A%D8%A9-%D8%A7%D9%84%D8%AE%D8%A7%D8%B5%D8%A9-vpn/; https://newlinesmag.com/reportage/jordan-everyone-is-hamzah/; https://monitor.civicus.org/updates/2021/11/19/declining-civic-freedoms-teachers-union-continuously-targeted-internet-freedom-restricted/#:~:text=Blocking%20access%20to%20the%20internet&text=In%20April%202021%2C%20in%20the,being%20inaccessible%20during%20this%20time.",Access Now
Jordan,JO,"Nationwide, Entire country",2021-03-15,,Protests,"Facebook, Clubhouse; Facebook Live, Facebook Live, Facebook, Clubhouse, Facebook Live","https://jordanopensource.org/blog/78/blocking-clubhouse-in-jordan-a-quick-analysis-of-internet-censorship-methods-in-use; https://jordanopensource.org/blog/74/josa-in-light-of-the-latest-internet-shutdowns-the-right-to-internet-access-without-restrictions-must-be-ensured, https://jordanopensource.org/blog/78/blocking-clubhouse-in-jordan-a-quick-analysis-of-internet-censorship-methods-in-use; https://jordanopensource.org/blog/74/josa-in-light-of-the-latest-internet-shutdowns-the-right-to-internet-access-without-restrictions-must-be-ensured; https://www.accessnow.org/jordanprotests/; https://arabic.rt.com/middle_east/1211951-%D8%B1%D9%88%D9%8A%D8%AA%D8%B1%D8%B2-%D8%A7%D9%84%D8%B4%D8%B1%D8%B7%D8%A9-%D8%A7%D9%84%D8%A3%D8%B1%D8%AF%D9%86%D9%8A%D8%A9-%D8%AA%D8%B3%D8%AA%D8%AE%D8%AF%D9%85-%D8%A7%D9%84%D8%BA%D8%A7%D8%B2-%D8%A7%D9%84%D9%85%D8%B3%D9%8A%D9%84-%D9%84%D9%84%D8%AF%D9%85%D9%88%D8%B9-%D9%84%D8%AA%D9%81%D8%B1%D9%8A%D9%82-%D8%A7%D8%AD%D8%AA%D8%AC%D8%A7%D8%AC%D8%A7%D8%AA-%D8%B9%D9%84%D9%89-%D8%A7%D9%84%D8%A5%D8%BA%D9%84%D8%A7%D9%82/","Access Now, NetBlocks"
Jordan,JO,National,2020-12-31,2021-01-04,"Exam cheating, exams","WhatsApp, WhatsApp, Telegram","https://explorer.ooni.org/measurement/20201231T100944Z_whatsapp_JO_48832_n1_pIwGrUS0eAiymq2S, https://pulse.internetsociety.org/shutdowns/jordan","Pulse, Access Now"
Jordan,JO,National,2020-08-09,,,Facebook Live,,NetBlocks
Jordan,JO,National,2020-08-05,2020-08-05,,Facebook Live,,NetBlocks
Jordan,JO,National,2020-07-29,2020-08-11,Protests,"Facebook, Facebook Live, Facebook Live Streaming and Speed throttling","https://pulse.internetsociety.org/shutdowns/jordan-2, https://rsf.org/en/news/jordan-bans-coverage-teachers-protests","Pulse, Access Now, NetBlocks"
Jordan,JO,National,2020-07-01,2020-07-23,Exam cheating,"Facebook, WhatsApp, Telegram, IMO, Tango, Line, Viber, Telegram, Facebook messenger, Viber, Line, Tango, WhatsApp, and IMO","https://smex.org/noexamshutdown-4-mena-countries-shut-down-the-internet-so-far-to-fight-cheating/; https://royanews.tv/news/218994, https://pulse.internetsociety.org/shutdowns/jordan-3","Pulse, Access Now"
Jordan,JO,National,2019-01-10,2019-01-10,,Facebook livestreaming interference,,OONI
Jordan,JO,National,2019-01-03,2019-01-03,,Facebook livestreaming interference,,OONI
Jordan,JO,National,2018-12-27,2018-12-27,,Facebook livestreaming interference,,OONI
Jordan,JO,"Jordan, National",2018-12-20,2019-01-10,"Protests, protests","Facebook livestreaming interference, Facebook, Facebook, Facebook Livestream","https://pulse.internetsociety.org/shutdowns/shutdown-2, https://jordanopensource.org/technical-report/?fbclid=IwAR3l1XL4z7gqEOj8hRD9eVgzO-x04OBm1ECb6F7h530-lr9bKBl_eVPjYdU&utm_source=Social+Media+Exchange+%28SMEX%29+Newsletter&utm_campaign=eb2727b27b-EMAIL_CAMPAIGN_2019_07_11_10_20&utm_medium=email&utm_term=0_de3253d538-eb2727b27b-77191031","OONI, Access Now, Pulse"
Jordan,JO,National,2018-12-13,2018-12-13,,Facebook livestreaming interference,,OONI
Jordan,JO,National,2018-11-30,2018-11-30,,Facebook livestreaming interference,,OONI
Jordan,JO,National,2016-07-14,,,Blocking of My.Kali (an LGBTQ online magazine),https://cpj.org/2017/08/jordan-blocks-access-to-lgbtq-online-magazine/,OONI
Kazakhstan,KZ,National,2023-11-18,,,Blocking of Russian news media Sputnik24,https://kyivindependent.com/media-kazakhstan-blocks-russian-tv-portal/,OONI
Kazakhstan,KZ,National,2023-08-17,,,Blocking of Russian news media Tsargrad,https://rus.azattyq.org/a/32552586.html,OONI
Kazakhstan,KZ,National,2023-06-30,,,Blocking of amnestry.org.ru,,OONI
Kazakhstan,KZ,National,2022-11-20,2022-11-29,,Throttling www.currenttime.tv,,OONI
Kazakhstan,KZ,Nationwide,2022-10-19,,Elections,"Twitter, Instagram, Telegram, Signal, YouTube",https://t.me/vlastkz/12453; https://exk.kz/news/146487/kazakhstantsy-stali-zhalovatsia-na-sboi-v-rabotie-instagram; https://explorer.ooni.org/chart/mat?probe_cc=KZ&test_name=signal&since=2022-10-01&until=2022-12-31&axis_x=measurement_start_day,Access Now
Kazakhstan,KZ,National,2022-09-27,,,Throttling Radio Free Europe/Radio Liberty website,,OONI
Kazakhstan,KZ,Nationwide,2022-01-04,2022-01-11,Protests,"WhatsApp, Telegram, Signal, possibly","https://www.accessnow.org/kazakhstan-internet-shutdowns-protests-almaty-timeline-whats-happening/, https://twitter.com/openobservatory/status/1479064095768911872, https://blog.cloudflare.com/internet-shut-down-in-kazakhstan-amid-unrest/",Access Now
Kazakhstan,KZ,National,2021-10-04,2021-10-13,,Blocking of HOLA News,https://cpj.org/2021/10/kazakh-outlet-hola-news-reports-website-blocks-after-pandora-papers-coverage/,OONI
Kazakhstan,KZ,Cities of Almaty and Nur-Sultan,2021-03-27,2021-03-28,Protests,"Facebook, WhatsApp, Instagram, Telegram","https://www.accessnow.org/internet-shutdowns-kazakhstan-feb-28-protests/; https://www.aljazeera.com/news/2021/2/28/dozens-detained-at-kazakhstan-political-prisoner-protest, https://t.me/s/internetkz; https://t.me/heraks2net/30",Access Now
Kazakhstan,KZ,National,2020-07-14,,,Blocking of vpn related domains,,OONI
Kazakhstan,KZ,National,2019-06-11,2019-06-12,"elections, Elections","Facebook, Twitter, Instagram, WhatsApp, Facebook and Instagram","https://pulse.internetsociety.org/shutdowns/shutdown-127, https://twitter.com/netblocks/status/1138506590045331456?ref_src=twsrc%5Etfw","Pulse, Access Now, NetBlocks"
Kazakhstan,KZ,National,2019-06-09,2019-06-10,"Elections, protests","Facebook, Twitter, Instagram, Streaming services, Streaming services, Periscope, VPN services","https://pulse.internetsociety.org/shutdowns/shutdown-122, https://netblocks.org/reports/internet-and-streaming-services-blocked-in-kazakhstan-on-election-day-dAmOP7y9, https://www.rferl.org/a/balloting-for-first-new-kazakh-president-in-three-decades-marred-by-hundreds-of-arrests/29990697.html","Pulse, Access Now, NetBlocks"
Kazakhstan,KZ,National,2019-05-09,2019-05-19,"government_action, Protests","Facebook, Instagram, Telegram, YouTube, Facebook, Instagram and YouTube as well as news and campaign websites, Twitter, Instagram, Telegram, YouTube","https://pulse.internetsociety.org/shutdowns/shutdown-90, https://netblocks.org/reports/social-media-blocked-in-kazakhstan-on-victory-day-eBOg47BZ, https://www.rferl.org/a/rfe-rl-s-kazakh-website-other-sites-not-accessible-in-kazakhstan/29930391.html","Pulse, Access Now, NetBlocks"
Kenya,KE,Nationwide,2023-11-08,2023-11-24,Exam cheating,Telegram,https://explorer.ooni.org/findings/228466228201,"OONI, Access Now"
Kyrgyzstan,KG,National,2024-04-18,,,TikTok,,OONI
Lebanon,LB,Nationwide,2019-05-24,,Information control,Grindr,https://ooni.org/post/2023-jordan-blocks-grindr/#conclusion; https://explorer.ooni.org/chart/mat?probe_cc=LB&since=2023-01-01&until=2024-04-01&time_grain=day&axis_x=measurement_start_day&test_name=web_connectivity&domain=www.grindr.com; https://www.independent.co.uk/news/world/middle-east/grindr-lebanon-ban-lgbt-rights-dating-app-gay-a8933556.html; https://www.middleeasteye.net/news/activists-slam-lebanons-telecoms-ministry-after-it-bans-grindr-app,Access Now
Liberia,LR,National,2019-06-07,2019-06-08,"Protests, protests","Facebook, WhatsApp, Instagram, Snapchat, Google‚ Gmail, Facebook, WhatsApp, Instagram, Snapchat, Google’s Gmail service, Twitter, Facebook, Instagram, Snapchat and WhatsApp","https://twitter.com/netblocks/status/1137014502459871233, https://frontpageafricaonline.com/politics/liberia-the-council-of-patriots-organizing-another-round-of-savethestate-protest/, https://pulse.internetsociety.org/shutdowns/shutdown-119","Pulse, Access Now, NetBlocks"
Libya,LY,"Misurata, Zliten and Al-Khamis",2016-07-19,,Political instability,,https://twitter.com/DynResearch/status/755396501141094401,Access Now
Malaysia,MY,National,2024-04-17,,,Grindr,,OONI
Malaysia,MY,National,2023-06-28,,,MalaysiaNow and of a website which belongs to a former Malaysian Member of Parliament,,OONI
Malaysia,MY,National,2016-02-16,,,Blocking BBC article,,OONI
Mali,ML,Bamako,2020-07-10,2020-07-15,Protests,"Twitter, Facebook, Facebook Messenger, WhatsApp, Facebook, Twitter, WhatsApp, Instagram",https://www.lemonde.fr/afrique/article/2020/07/10/mali-escalade-de-violence-a-bamako-lors-de-la-manifestation-contre-le-president-au-moins-un-mort_6045888_3212.html; https://news.un.org/en/story/2021/07/1095142,"Access Now, NetBlocks"
Mali,ML,Regional,2018-08-11,,elections,Social media and messaging services,,NetBlocks
Mali,ML,"Bamako, Timbaktu, and Gao",2018-07-29,2018-08-03,Elections,"Blocking of social media during elections, Social media",https://ooni.torproject.org/post/mali-disruptions-amid-2018-election/,"OONI, Access Now"
Mali,ML,Nationwide,2018-06-04,,Elections,Social media,https://twitter.com/Internet_SF/status/1003572106263781376,Access Now
Mali,ML,nationwide,2016-08-18,,Protests,"Facebook, Twitter",http://www.rfi.fr/afrique/20160818-twitter-facebook-suspendus-mali-manifestation-ras-bath-bamako,Access Now
Mali,ML,National,2016-08-08,,,Blocking of social media during violent protests against the detention of a popular radio host,https://qz.com/africa/762082/mali-is-the-latest-african-country-to-impose-a-social-media-blackout,OONI
Mauritius,MU,National,2024-11-01,2024-11-02,elections,"Facebook, Instagram, TikTok, YouTube, Twitter/X, and Linkedin",https://pulse.internetsociety.org/shutdowns/mauritius-orders-blocking-of-social-media-sites-in-advance-of-election,"OONI, Pulse"
Montenegro,ME,Nationwide,2016-10-16,,Elections,"WhatsApp, Viber",http://abcnews.go.com/Technology/wireStory/whatsapp-viber-blocked-montenegro-election-day-42855857,Access Now
Morocco,MA,nationwide,2016-02-16,,Other,VoIP,http://www.middleeasteye.net/columns/boycotts-appeals-petitions-restore-blocked-voip-calls-morocco-1520817507,Access Now
Myanmar,MM,Nationwde,2021-05-25,,Information control,"Facebook, Twitter",https://asia.nikkei.com/Spotlight/Myanmar-Crisis/Myanmar-allows-Tinder-but-axes-dissent-havens-Twitter-Facebook; https://www.frontiermyanmar.net/en/whitelisted-internet-takes-myanmar-back-to-a-dark-age/,Access Now
Myanmar,MM,National,2021-02-18,,,Blocking wikipedia,,"NetBlocks, OONI"
Myanmar,MM,National,2021-02-02,,"government_action, Political instability","Facebook, Twitter, Instagram, Facebook, Instagram, Messenger and some WhatsApp servers (on state-run ISP)","https://pulse.internetsociety.org/shutdowns/limited-disruptions-to-social-networking-sites, https://ooni.org/post/2021-myanmar-internet-blocks-and-outages/#methods","Pulse, OONI, Access Now, NetBlocks"
Myanmar,MM,National,2020-03-23,,,"Blocking ""fake news"" websites",,OONI
Myanmar,MM,National,2014-07-03,2014-07-04,,Blocking Facebook,,OONI
Nepal,NP,Nationwide,2023-11-13,2024-08-22,Information control,TikTok,https://explorer.ooni.org/findings/112092297601; https://edition.cnn.com/2023/11/14/tech/nepal-tiktok-ban-hnk-intl/index.html; https://nepaltvonline.com/2023/11/83237/,Access Now
Nigeria,NG,"Nationwide, Entire country",2021-06-04,2022-01-13,Other,Twitter,https://nypost.com/2021/06/04/nigeria-announces-twitter-ban-in-statement-on-twitter/?utm_source=twitter_sitebuttons&utm_medium=site%20buttons&utm_campaign=site%20buttons,"Access Now, NetBlocks"
Nigeria,NG,Ponzing Ndam,2018-09-30,2018-10-02,Communal violence,Social media,"https://guardian.ng/news/plateau-government-imposes-curfew-in-jos/, https://twitter.com/FlawlessEve1/status/1047719767216476160?s=19",Access Now
North Korea,KP,nationwide,2016-04-01,,Information control,"Facebook, Twitter, YouTube, South Korean websites",http://www.theguardian.com/world/2016/apr/01/north-korea-announces-blocks-on-facebook-twitter-and-youtube,Access Now
Oman,OM,Nationwide,2022-02-11,,Information control,Grindr,https://explorer.ooni.org/chart/mat?probe_cc=OM&since=2022-01-01&until=2022-12-31&time_grain=day&axis_x=measurement_start_day&test_name=web_connectivity&domain=www.grindr.com; https://ooni.org/post/2023-jordan-blocks-grindr/#conclusion,Access Now
Oman,OM,"Nationwide, Entire country",2021-03-14,,Information control,Clubhouse,https://www.aljazeera.com/economy/2021/3/15/oman-blocks-clubhouse-app-fueling-regional-censorship-fears,Access Now
Pakistan,PK,National,2024-01-26,,,PTI political party sites and investigative news platform,,OONI
Pakistan,PK,"Nationwide, National",2023-12-17,2023-12-18,"government_action, Protests","Facebook, Instagram, X, YouTube, Facebook, Twitter, Instagram, YouTube","https://pulse.internetsociety.org/shutdowns/service-blocking-pakistan-december-2023, https://twitter.com/OpenObservatory/status/1736697099901608141","Pulse, Access Now"
Pakistan,PK,Nationwide,2023-05-09,2023-05-17,Protests,"Facebook, Twitter, Instagram, YouTube, Twitter, Facebook, YouTube, mobile shutdowns, Facebook, Twitter, YouTube, and Instagram",https://explorer.ooni.org/findings/300902917301,"OONI, Access Now, NetBlocks"
Pakistan,PK,National,2023-02-03,2023-02-06,,Wikipedia,,NetBlocks
Pakistan,PK,National,2023-02-01,2023-02-06,,"Blocking Wikipedia, Wikipedia",,OONI
Pakistan,PK,National,2023-01-16,2023-03-23,,"Deutsche-Welle, Blocking Deutsche Welle",,OONI
Pakistan,PK,National,2022-09-06,2022-09-06,,YouTube,,NetBlocks
Pakistan,PK,National,2022-08-21,2022-08-21,,YouTube,,NetBlocks
Pakistan,PK,National,2021-04-16,2021-04-16,"Protests, protests","Facebook, Twitter, WhatsApp, Telegram, Youtube, Twitter, Facebook, WhatsApp, YouTube, Telegram","https://pulse.internetsociety.org/shutdowns/pakistan, https://www.ft.com/content/df26e1d8-2221-46a1-9223-49df71302d57; https://pbs.twimg.com/media/EzFAX1LVEAUjMNQ.jpg; https://twitter.com/usamakhilji/status/1382957348008824832; https://transparencyreport.google.com/traffic/overview?fraction_traffic=start:1617408000000;end:1619654399999;product:21;region:PK&lu=fraction_traffic","Pulse, Access Now"
Pakistan,PK,National,2020-05-17,2020-05-18,Unknown,"Twitter, Zoom, Periscope, Twitter, Twitter, Periscope and Zoom",https://www.digitalrightsmonitor.pk/twitter-inaccessibility-for-hours-in-pakistan-left-users-confused/,"Access Now, NetBlocks"
Pakistan,PK,Nationwide,2019-05-31,,Information control,Grindr,https://explorer.ooni.org/chart/mat?probe_cc=PK&since=2019-01-01&until=2019-12-31&time_grain=day&axis_x=measurement_start_day&test_name=web_connectivity&domain=www.grindr.com; https://ooni.org/post/2023-jordan-blocks-grindr/#conclusion; https://explorer.ooni.org/chart/mat?probe_cc=PK&since=2023-01-01&until=2024-04-01&time_grain=day&axis_x=measurement_start_day&test_name=web_connectivity&domain=www.grindr.com,Access Now
Pakistan,PK,"Rawalpindi, Karachi, Quetta, Gujranwala, Jhang, Faisalabad",2018-11-21,2018-11-21,Other,Skype,http://digitalrightsmonitor.pk/keepiton-partial-network-shutdown-in-the-wake-of-rabi-ul-awal-processions/,Access Now
Pakistan,PK,Bannu,2018-10-28,2018-10-28,Protests,Social media,https://twitter.com/UsamaKhilji/status/1056592508354998272,Access Now
Pakistan,PK,National,2018-07-12,,,Slate Magazine,,NetBlocks
Pakistan,PK,National,2018-06-03,,,Awami Workers Party website,,NetBlocks
Pakistan,PK,"Confirmed Karachi, Lahore, Faisalabad, Rawalpindi, Gujranwala, Islamabad, Quetta and Peshawar, likely nationwide",2017-11-25,2017-11-26,Protests,"Facebook, WhatsApp, Telegram, 14 news websites, Facebook Messenger, WhatsApp web interface, Facebook, Twitter, YouTube, Blocking Facebook, Twitter, YouTube, Instagram, IM apps, news websites amidst Islamist protests",https://ooni.torproject.org/post/how-pakistan-blocked-social-media/ & https://digitalrightsfoundation.pk/press-release-drf-and-netblocks-find-blanket-and-nation-wide-ban-on-social-media-in-pakistan-and-demand-it-to-be-lifted-immediately/,"OONI, Access Now, NetBlocks"
Pakistan,PK,"Various cities in Sindh: Karachi, Jacobabad, Shikarpur, Kashmore, Khairpur, Haripur, DI Khan and Lakki Marwat, among other areas.",2017-09-28,2017-10-04,Unknown,,https://www.geo.tv/latest/160657-muharram-10th-juloos-to-head-out-early-morning-from-karachis-nishtar-park,Access Now
Pakistan,PK,National,2017-01-25,,,Blocking of Khabaristan Times political website,,OONI
Pakistan,PK,National,2016-01-12,,,Ordered blocking of 'objectionable' websites,,OONI
Pakistan,PK,National,2015-09-11,,,Blocking of political forum Siasat.PK,https://propakistani.pk/2015/09/11/siasat-pk-forced-by-the-government-to-shut-down/,OONI
Pakistan,PK,National,2014-03-05,,,Blocking of DeviantArt website,https://aaopblog.wordpress.com/2014/03/05/deviantart-blocked-in-pakistan/,OONI
Pakistan,PK,National,2012-09-17,2016-01-18,,Blocking of Youtube,https://www.washingtonpost.com/business/economy/youtube-blocked-in-pakistan/2012/09/17/30081fa2-00ea-11e2-b257-e1c2b3548a4a_story.html,OONI
Philippines,PH,National,2022-06-17,,,Blocking of foreign news sites (including bulatlat.com),https://www.rappler.com/philippines/esperon-uses-anti-terror-law-block-access-progressive-websites-including-news-organization/,OONI
Qatar,QA,Nationwide,2020-01-01,,Information control,Grindr,https://explorer.ooni.org/chart/mat?probe_cc=QA&since=2020-01-01&until=2020-12-31&time_grain=day&axis_x=measurement_start_day&test_name=web_connectivity&domain=www.grindr.com; https://ooni.org/post/2023-jordan-blocks-grindr/#conclusion; https://explorer.ooni.org/chart/mat?probe_cc=QA&since=2023-01-01&until=2024-04-01&time_grain=day&axis_x=measurement_start_day&test_name=web_connectivity&domain=www.grindr.com,Access Now
Russia,RU,National,2024-12-13,,,Viber,,OONI
Russia,RU,National,2024-11-05,,,Blocking access to Cloudflare ECH,https://github.com/net4people/bbs/issues/417,OONI
Russia,RU,National,2024-10-08,,,"Discord, Blocking of Discord",,OONI
Russia,RU,National,2024-09-11,,,Blocking OONI Explorer,,OONI
Russia,RU,National,2024-08-02,,,Blocking of EU news media websites,,OONI
Russia,RU,National,2023-05-31,,,Blocking of certain VPN protocols spreads to Moscow,https://ntc.party/t/%D0%BF%D0%B5%D1%80%D0%B8%D0%BE%D0%B4%D0%B8%D1%87%D0%B5%D1%81%D0%BA%D0%B0%D1%8F-%D0%B1%D0%BB%D0%BE%D0%BA%D0%B8%D1%80%D0%BE%D0%B2%D0%BA%D0%B0-openvpnwireguard-%D0%BD%D0%B0-%D1%82%D1%81%D0%BF%D1%83-31052023-082023/4576,OONI
Russia,RU,National,2023-02-17,,,Blocking The Bell (news media),,OONI
Russia,RU,National,2023-02-07,,,Blocking Moscow Helsinki Group,,OONI
Russia,RU,National,2023-02-01,,,"Blocking of certain VPN protocols spreads (Perm, Orsk, Novocheboksarsk, Tolyatti, Yakutsk, Kazan, Yelabuga, Ufa, Cheboksary, Nizhny Novgorod)",https://t.me/ru_tech_talk/450,OONI
Russia,RU,National,2023-01-27,,,Blocking Amnesty International,,OONI
Russia,RU,National,2023-01-23,,,"Blocking of certain VPN protocols in eastern regions (Altai, Biysk, Omsk, Novosibirsk and others)",https://t.me/ru_tech_talk/448,OONI
Russia,RU,Regional,2022-12-05,,,Partial blocking YouTube,,OONI
Russia,RU,National,2022-10-01,,,Blocking SoundCloud,,OONI
Russia,RU,National,2022-08-06,,,Blocking Patreon,,OONI
Russia,RU,National,2022-07-29,,,Blocking Tor website (after brief unblocking),,OONI
Russia,RU,National,2022-06-03,,,"Blocking Forklog, popular media about cryptocurrency, Blocking German cloud and mail service Eclipso",,OONI
Russia,RU,National,2022-06-01,,,Blocking Proton VPN and NordVPN,,OONI
Russia,RU,Regional,2022-05-19,2022-06-07,,Blocking access to Cloudflare and DigitalOcean networks on some ports,,OONI
Russia,RU,National,2022-04-22,,,Blocking website of S.T.A.L.K.E.R. 2: Heart of Chornobyl,,OONI
Russia,RU,National,2022-04-17,,,Blocking HRW website,,OONI
Russia,RU,National,2022-03-21,,,Euronews,,NetBlocks
Russia,RU,National,2022-03-16,,,Bellingcat (independent news),,NetBlocks
Russia,RU,National,2022-03-13,,,"Instagram, Blocking Instagram, Agentura.Ru",,"OONI, NetBlocks"
Russia,RU,National,2022-03-10,,,"Eurasia website of Amnesty International, Blocking Amnesty International",,"OONI, NetBlocks"
Russia,RU,National,2022-03-03,,,"Blocking of facebook.com, Blocking HTTP/3, Blocking foreign news websites and Deutshe Welle (dw.com), International news websites, Blocking Twitter and Facebook",,"OONI, NetBlocks"
Russia,RU,National,2022-02-28,,,"Blocking foreign news websites, Blocking of tvrain.ru",,OONI
Russia,RU,"Nationwide, National",2022-02-26,2022-03-04,"government_action, Information control","Throttling Twitter, Throttling of Twitter, Twitter, Facebook, Twitter, Instagram, Twitter, Facebook, Instagram, News Sites, Blocking foreign news websites, Facebook","https://pulse.internetsociety.org/shutdowns/incremental-service-limitation-in-russia, https://ooni.org/post/2022-russia-blocks-amid-ru-ua-conflict/, https://www.businessinsider.com/what-happens-social-media-and-news-go-dark-in-russia-2022-3, https://www.theverge.com/2022/3/14/22976603/russia-bans-instagram-facebook-meta-call-to-violence, https://explorer.ooni.org/chart/mat?probe_cc=RU&test_name=facebook_messenger&since=2022-01-01&until=2022-12-31&axis_x=measurement_start_day","OONI, Access Now, NetBlocks, Pulse"
Russia,RU,National,2022-02-23,,,Blocking saverudata.info and itarmy.com.ua,,OONI
Russia,RU,National,2022-02-07,,,Hromadske,,OONI
Russia,RU,National,2021-12-08,,,Tor website added to national blocklist,,OONI
Russia,RU,Regional,2021-12-01,,,Some ISPs blocking Tor network,,OONI
Russia,RU,National,2021-09-17,,,Takedown of Navalny app by Apple and Google Play,,NetBlocks
Russia,RU,National,2021-07-21,,,Blocking Amnesty International,,OONI
Russia,RU,"Nationwide, National",2021-03-10,,Other,"Throttling Twitter, Twitter","https://rkn.gov.ru/news/rsoc/news73464.htm; https://www.accessnow.org/russia-throttled-twitter/; https://censoredplanet.org/throttling, https://roskomsvoboda.org/en/cards/card/twitter-vs-rkn/","OONI, Access Now"
Russia,RU,National,2020-03-02,,,Blocking of 3 Digitial Ocean DNS servers,https://t.me/usher2/1518,OONI
Russia,RU,Nationwide,2018-04-13,,Information control,Telegram,https://www.nytimes.com/2018/04/13/world/europe/russia-telegram-encryption.html?action=click&contentCollection=Europe&module=RelatedCoverage&region=Marginalia&pgtype=article,Access Now
Saudi Arabia,SA,Nationwide,2017-02-09,,Information control,Grindr,https://explorer.ooni.org/chart/mat?probe_cc=SA&since=2017-01-01&until=2017-12-31&time_grain=day&axis_x=measurement_start_day&test_name=web_connectivity&domain=www.grindr.com; https://ooni.org/post/2023-jordan-blocks-grindr/#conclusion; https://explorer.ooni.org/chart/mat?probe_cc=SA&since=2023-01-01&until=2024-04-01&time_grain=day&axis_x=measurement_start_day&test_name=web_connectivity&domain=www.grindr.com,Access Now
Saudi Arabia,SA,nationwide,2016-03-17,,Other,VoIP,http://www.deccanchronicle.com/technology/mobiles-and-tabs/170516/after-whatsapp-facebook-messenger-gets-banned-in-saudi-arabia.html,Access Now
Senegal,SN,Nationwide,2023-08-02,2024-02-17,Protests,TikTok,https://www.reuters.com/world/africa/senegal-suspends-tiktok-saying-it-was-threatening-stability-2023-08-02/; https://explorer.ooni.org/chart/mat?probe_cc=SN&since=2023-07-31&until=2023-08-30&time_grain=day&axis_x=measurement_start_day&test_name=web_connectivity&domain=www.tiktok.com,"OONI, Access Now, NetBlocks"
Senegal,SN,National,2023-06-05,2023-06-07,,Blocking of Tiktok,,OONI
Senegal,SN,"Nationwide, National",2023-06-01,2023-08-06,"Protests, protests","Facebook, Twitter, WhatsApp, Instagram, YouTube, Telegram, Instant Messaging, Social Networks, Facebook, WhatsApp, Instagram, YouTube, Twitter, TikTok and Telegram, Blocking of social media, Blocking of Telegram, Facebook, Twitter, WhatsApp, Instagram, Telegram, YouTube","https://pulse.internetsociety.org/shutdowns/senegal-blocks-social-media-and-instant-messaging-amidst-protests, https://explorer.ooni.org/findings/25060018801; https://ooni.org/post/2023-senegal-social-media-blocks/","OONI, Access Now, NetBlocks, Pulse"
Senegal,SN,"nationwide, National",2021-03-04,2021-03-05,"Protests, protests","Facebook, YouTube, WhatsApp, Telegram, Facebook, WhatsApp, Telegram, Youtube, Facebook, YouTube, WhatsApp, and some Telegram servers","https://pulse.internetsociety.org/shutdowns/senegal, https://www.bloomberg.com/news/articles/2021-03-05/senegal-shuts-down-tv-stations-internet-disrupted-amid-protests; https://www.cnn.com/2021/03/05/africa/senegal-protests-rape-charge-intl/index.html; https://www.fastcompany.com/90615398/free-senegal-internet-shutdown-democracy; https://www.fastcompany.com/90615398/free-senegal-internet-shutdown-democracy","Pulse, Access Now, NetBlocks"
Somaliland,SO,Somaliland,2017-11-13,,Elections,Social media only,https://www.hrw.org/news/2017/11/10/shuttering-social-media-during-somalilands-elections,Access Now
South Sudan,SS,National,2025-01-22,,government_action,"Facebook, TikTok",https://pulse.internetsociety.org/shutdowns/government-of-south-sudan-orders-blocking-of-social-media-for-at-least-30-days,Pulse
South Sudan,SS,Entire South Sudan,2021-08-29,2021-08-30,Protests,"Facebook, Twitter, WhatsApp",https://radiotamazuj.org/en/news/article/south-sudan-internet-cut-ahead-of-planned-protests,Access Now
South Sudan,SS,National,2017-07-17,,,Blocking two media websites and two independent blogs,,OONI
Spain,ES,Regional,2017-09-25,,,Blocking 25 sites related to Catalonia independence referendum,,OONI
Sri Lanka,LK,"Nationwide, National",2022-04-02,2022-04-03,"Protests, protests","Twitter, Telegram, WhatsApp, Facebook, Facebook Messanger, Instagram, Facebook, Twitter, WhatsApp, Instagram, YouTube, Facebook, Twitter, WhatsApp, Viber and YouTube","https://pulse.internetsociety.org/shutdowns/social-media-disruption-in-sri-lanka, https://www.ndtv.com/world-news/social-media-blocked-curfew-in-sri-lanka-as-protests-spread-10-points-2859507; https://explorer.ooni.org/search?since=2022-04-03&until=2022-04-04&probe_cc=LK&test_name=whatsapp&failure=true","Pulse, Access Now, NetBlocks"
Sri Lanka,LK,National,2019-05-13,2019-05-17,"government_action, Communal violence","Facebook, Twitter, WhatsApp, Instagram, YouTube, Viber, Snapchat and Facebook Messenger, Facebook, WhatsApp, Instagram, YouTube, Viber, Snapchat and Facebook Messenger, Twitter, Facebook, Twitter, WhatsApp, Instagram, YouTube, Viber, Snapchat, Facebook Messenger","https://netblocks.org/reports/sri-lanka-blocks-social-media-for-third-time-in-one-month-M8JRjg80, https://www.channelnewsasia.com/news/asia/sri-lanka-bombings-block-facebook-whatsapp-11527832, https://pulse.internetsociety.org/shutdowns/shutdown-95","Pulse, Access Now, NetBlocks"
Sri Lanka,LK,National,2019-05-05,2019-05-06,"government_action, Information Control","Facebook, WhatsApp, Instagram, YouTube, Viber, Snapchat, Facebook Messenger, Facebook, WhatsApp, Instagram, YouTube, Viber, Snapchat and Facebook Messenger","https://netblocks.org/reports/social-media-blocked-again-in-sri-lanka-eBOgWDBZ, https://pulse.internetsociety.org/shutdowns/shutdown-88","Pulse, Access Now, NetBlocks"
Sri Lanka,LK,National,2019-04-21,2019-04-30,"government_action, Information Control","Facebook, Twitter, WhatsApp, Instagram, Telegram, Website of an unamed VPN service, Facebook, WhatsApp, Instagram, YouTube, Viber, Snapchat and Facebook Messenger","https://pulse.internetsociety.org/shutdowns/shutdown-75, https://netblocks.org/reports/social-media-blocked-in-sri-lanka-following-church-and-hotel-bombings-XaAwlQBM, https://www.theguardian.com/world/2019/apr/21/social-media-shut-down-in-sri-lanka-in-bid-to-stem-misinformation","Pulse, Access Now, NetBlocks"
Sri Lanka,LK,Nationwide,2018-03-07,2018-03-15,Communal violence,"Facebook, WhatsApp, Viber",https://www.reuters.com/article/us-sri-lanka-clashes-socialmedia/sri-lanka-lifts-ban-on-facebook-imposed-after-spasm-of-communal-violence-idUSKCN1GR31R,"Access Now, NetBlocks"
Sudan,SD,Entire country,2021-10-25,2021-11-24,Political instability,"Facebook, Twitter, WhatsApp, Social media",https://smex.org/internet-access-in-sudan-is-of-unprecedented-importance/,"Access Now, NetBlocks"
Sudan,SD,Khartoum,2019-04-07,2019-04-11,"Protests, protests","Facebook, Twitter, WhatsApp, Instagram, Telegram, Twitter, Periscope, Facebook, Instagram, WhatsApp and Telegram + power outage","https://netblocks.org/reports/social-media-disrupted-in-sudan-as-protests-converge-in-khartoum-peBONpAZ, https://pulse.internetsociety.org/shutdowns/shutdown-66","Pulse, Access Now, NetBlocks"
Sudan,SD,"Sudan, Nationwide, National",2018-12-21,2019-02-26,"Protests, protests","Facebook, Twitter, Instagram, WhatsApp, Facebook, Twitter, WhatsApp, Instagram, Social media","https://netblocks.org/reports/study-shows-impact-of-sudan-internet-disruptions-amid-demonstrations-qr8Vj485, https://www.reuters.com/article/us-sudan-protests-internet/sudan-restricts-social-media-access-to-counter-protest-movement-idUSKCN1OW0Z7, https://www.reuters.com/article/us-sudan-protests-internet/sudan-restricts-social-media-access-to-counter-protest-movement-idUSKCN1OW0Z7, https://pulse.internetsociety.org/shutdowns/shutdown-3","Pulse, Access Now, NetBlocks"
Suriname,SR,Nationwide,2023-02-17,2023-02-18,Protests,"Facebook, WhatsApp, Instagram, Facebook, Instagram, WhatsApp, Messenger",https://la1ere.francetvinfo.fr/martinique/suriname-pillages-arrestations-et-coupure-d-internet-en-marge-de-manifestations-contre-la-vie-chere-1367742.html; https://crisis24.garda.com/alerts/2023/02/suriname-authorities-continue-security-measures-suspend-classes-as-of-early-feb-20-after-anti-government-protesters-storm-parliament-feb-17-update-5; https://explorer.ooni.org/chart/mat?probe_cc=SR&since=2023-01-01&until=2023-02-28&time_grain=day&axis_x=measurement_start_day&test_name=web_connectivity,"Access Now, NetBlocks"
Tajikistan,TJ,National,2021-01-11,2021-01-12,Unknown,"Facebook, Instagram, Gmail",https://eurasianet.org/tajikistan-authorities-somehow-find-more-room-for-internet-censorship; https://rus.ozodi.org/a/31043869.html,Access Now
Tajikistan,TJ,National,2019-05-21,2019-05-29,"Political Instability, government_action","Facebook, Twitter, Instagram, Gmail, YouTube, Google Drive","https://eurasianet.org/tajikistan-internet-grinds-to-a-halt-after-presidents-criticis, https://eurasianet.org/tajikistan-opposition-party-accuses-government-of-prison-bloodshed-coverup, https://pulse.internetsociety.org/shutdowns/shutdown-104","Pulse, Access Now"
Tajikistan,TJ,National,2019-04-23,2019-05-08,Unknown,Facebook,"https://pulse.internetsociety.org/shutdowns/shutdown-77, Facebook Transparency Report","Pulse, Access Now"
Tanzania,TZ,Regional,2024-08-30,2024-08-31,,Twitter/X,,OONI
Tanzania,TZ,Nationwide,2023-08-13,,Information control,"Clubhouse, Blocking of social network app Clubhouse",https://explorer.ooni.org/findings/185407756401,"OONI, Access Now"
Tanzania,TZ,National,2023-05-05,,,Blocking of tinder.com,,OONI
Tanzania,TZ,National,2023-04-19,,,Blocking of eharmony.com,,OONI
Tanzania,TZ,Nationwide,2023-03-21,,Information control,Grindr,https://explorer.ooni.org/findings/203466718601,"OONI, Access Now"
Tanzania,TZ,National,2023-02-07,,,Blocking of thetrevorproject.org,,OONI
Tanzania,TZ,National,2020-10-26,2020-11-06,elections,"Twitter, WhatsApp, backend servers for Instagram and some Google services including GMail and Translate, Blocking social media (WhatsApp, Facebook Messenger, and Telegram, Twitter, Instagram, TikTok, YouTube) and Tor during elections",https://pulse.internetsociety.org/shutdowns/internet-restrictions-during-election; https://twitter.com/Policy/status/1321106129208922113; https://www.accessnow.org/tanzania-votes-government-forces-telcos-escalate-censorship/,"Access Now, Pulse, NetBlocks, OONI"
Thailand,TH,National,2020-10-16,2021-04-22,,Blocking of Change.org,https://www.bbc.com/news/world-asia-54566767,OONI
Thailand,TH,National,2014-05-28,2014-05-28,,Facebook blocked,,OONI
Togo,TG,Nation Wide,2020-02-21,2022-02-23,"elections, Elections","Facebook, Twitter, WhatsApp, Instagram, Blocking of IM apps during presidential election, Facebook, Messenger, WhatsApp, Facebook, WhatsApp, Telegram","https://www.accessnow.org/a-shutdown-taints-togos-2020-presidential-elections-what-happened-and-whats-next/, https://www.accessnow.org/une-coupure-internet-entache-les-elections-presidentielles-de-2020-au-togo-ce-quil-sest-passe-et-la-suite/, https://x.com/Farida_N/status/1231262176851234817","OONI, Access Now, NetBlocks"
Tunisia,TN,Nationwide,2022-03-30,2022-03-30,Political instability,Zoom and Microsoft Teams,"https://explorer.ooni.org/search?since=2022-03-30&until=2022-03-31&probe_cc=TN&test_name=web_connectivity&domain=zoom.us&failure=false&only=anomalies, https://twitter.com/Article19MENA/status/1509480479401119745, https://www.middleeasteye.net/news/tunisia-zoom-teams-down-parliament-votes-reject-coup-saied",Access Now
Türkiye,TR,National,2024-10-08,,,Discord,,OONI
Türkiye,TR,National,2024-08-02,2024-08-10,,Instagram,,OONI
Türkiye,TR,Nationwide,2023-02-08,2023-02-09,Information control,"Blocking/throttling Twitter in aftermath of earthquake, Twitter",https://ooni.org/post/2023-turkey-throttling-blocking-twitter/,"OONI, Access Now, NetBlocks"
Türkiye,TR,National,2022-11-13,2022-11-13,Information control,"Facebook, Twitter, Instagram, YouTube, Twitter, Instagram, Facebook, YouTube, and some Telegram servers",https://globalvoices.org/2022/11/13/turkey-throttles-internet-access-following-deadly-explosion-in-istanbul/; https://twitter.com/OpenObservatory/status/1591871076677701635,"Access Now, NetBlocks"
Türkiye,TR,National,2020-02-27,2022-02-28,Other,"Twitter, Facebook, Instagram, YouTube, WhatsApp, Facebook, Twitter, Instagram, Facebook Messenger",https://www.crisisgroup.org/europe-central-asia/western-europemediterranean/turkey/deadly-clashes-syrias-idlib-show-limits-turkeys-options,"Access Now, NetBlocks"
Türkiye,TR,National,2019-10-15,2019-10-15,"Unknown, government_action",Twitter,"https://pulse.internetsociety.org/shutdowns/shutdown-187, https://twitter.com/TurkeyBlocks/status/1183939168298254340","Pulse, Access Now, NetBlocks"
Türkiye,TR,"Gaziantep, Sanlıurfa, Hatay,, Gaziantep, Sanlƒ±urfa, Hatay,, Gaziantep, Şanlıurfa and Hatay",2019-10-11,2020-10-11,"government_action, Other","Twitter, Facebook, WhatsApp and Instagram, Facebook, Twitter, WhatsApp, Instagram","https://netblocks.org/reports/twitter-facebook-whatsapp-and-instagram-restricted-in-southern-turkey-oy9RzE83, https://pulse.internetsociety.org/shutdowns/shutdown-184","Pulse, Access Now, NetBlocks"
Türkiye,TR,Nationwide,2018-04-28,,Information control,Telegram,https://twitter.com/InternetIntel/status/991334539388772354,Access Now
Türkiye,TR,National,2017-04-29,2020-01-15,,Wikipedia,,NetBlocks
Türkiye,TR,National,2016-12-22,,,"Twitter, Facebook and YouTube",,NetBlocks
Türkiye,TR,nationwide,2016-12-19,2016-12-20,Unknown,Social media,https://turkeyblocks.org/2016/12/19/social-media-slowdown-affecting-many-users-detected-turkey/,Access Now
Türkiye,TR,Nationwide,2016-10-08,2016-10-10,Information control,"Cloud services including Dropbox, Microsoft OneDrive, and Google Drive.",http://www.ibtimes.co.uk/turkey-blocks-google-microsoft-dropbox-services-suppress-mass-email-leaks-1585655,Access Now
Türkiye,TR,National,2016-08-25,2016-08-26,,"Facebook, Twitter, YouTube, Vimeo and Instagram",,NetBlocks
Türkiye,TR,nationwide,2016-07-15,,Political instability,"Social network (Twitter + Facebook) blocks/throttling following attempted coup, Facebook, Twitter, YouTube",https://www.theatlantic.com/technology/archive/2016/07/social-media-goes-dark-during-chaos-in-turkey/491609/,"OONI, Access Now"
Türkiye,TR,nationwide,2016-06-28,2016-06-29,Political instability,"Facebook, Twitter, YouTube",http://www.reuters.com/article/us-mideast-crisis-socialmedia-idUSKCN0ZM2O3,Access Now
Türkiye,TR,Nationwide,2013-09-11,,Information control,Grindr,https://explorer.ooni.org/chart/mat?probe_cc=TR&since=2023-01-01&until=2023-12-31&time_grain=day&axis_x=measurement_start_day&test_name=web_connectivity&domain=www.grindr.com; https://ooni.org/post/2023-jordan-blocks-grindr/#conclusion; https://kaosgl.org/en/single-news/grindr-ban-in-turkey-taken-to-constitutional-court,Access Now
Turkmenistan,TM,"Nationwide, Entire country",2021-10-20,,"Other, Information control","Facebook, Twitter, WhatsApp, Instagram, Telegram, YouTube, VPN services, Facebook, Twitter, WhatsApp, Instagram, Telegram, VPN services",,Access Now
Uganda,UG,"Nationwide, National",2021-01-12,2021-01-19,Elections,"Blocking of Instagram, Facebook, Twitter, and viber.com as well as other social media sites, Twitter, Facebook, WhatsApp, Instagram, Snapchat, Skype, Viber, Google Play Store, some Telegram servers and link shortening services, Facebook, Twitter, WhatsApp, Instagram, Telegram, YouTube, Signal, Facebook, Twitter, WhatsApp, Instagram, Telegram, Youtube, Signal","https://www.nytimes.com/2021/01/13/world/africa/uganda-facebook-ban-elections.html; https://techjaja.com/govt-lifts-social-media-ban-but-there-is-a-catch/, https://transparency.fb.com/data/internet-disruptions/country/UG/, https://www.nytimes.com/2021/01/13/world/africa/uganda-facebook-ban-elections.html; https://techjaja.com/govt-lifts-social-media-ban-but-there-is-a-catch/","OONI, Access Now, NetBlocks"
Uganda,UG,National,2021-01-09,2021-01-19,,"Blocking of Psiphon, Blocking downloads from Google Play Store",,OONI
Uganda,UG,Nationwide,2020-11-21,,Protests,Facebook,,Access Now
Uganda,UG,National,2018-07-06,,,Pornography blocked,,OONI
Uganda,UG,National,2018-07-01,,,"Social media tax came into effect (blocking access unless paid, circumvention tool websites also blocked)",,OONI
Uganda,UG,nationwide,2016-05-11,,Elections,"Blocking social media before presidential inauguration, Facebook, Twitter, YouTube",https://unwantedwitness.or.ug/ugandas-internet-is-blocked-for-the-second-time-in-less-than-3-months/,"OONI, Access Now"
Uganda,UG,nationwide,2016-02-18,2016-02-21,Elections,Social Media,http://www.theatlantic.com/international/archive/2016/02/uganda-election-social-media-shutdown/463407/,Access Now
Ukraine,UA,"Kherson and Zaporizhzhia Oblasts, Luhansk and Donetsk oblasts",2022-07-23,2022-11-09,Other,"Facebook, Twitter, YouTube, Viber, Google","https://twitter.com/holodmedia/status/1550929412966719488, https://twitter.com/skazal_on/status/1550732099690405889, https://kyivindependent.com/news-feed/russia-claims-to-have-blocked-facebook-twitter-youtube-in-occupied-parts-of-zaporizhzhia-oblast",Access Now
Ukraine,UA,Nationwide,2017-05-15,,Unknown,"2 Social Networks, 1 Email Service, Search Engines",https://www.theguardian.com/world/2017/may/16/ukraine-blocks-popular-russian-websites-kremlin-role-war,Access Now
United Arab Emirates,AE,Nationwide,2016-10-28,,Information control,Grindr,https://explorer.ooni.org/chart/mat?probe_cc=AE&since=2016-01-01&until=2016-12-31&time_grain=day&axis_x=measurement_start_day&test_name=web_connectivity&domain=www.grindr.com; https://ooni.org/post/2023-jordan-blocks-grindr/#conclusion; https://explorer.ooni.org/chart/mat?probe_cc=AE&since=2023-01-01&until=2024-04-01&time_grain=day&axis_x=measurement_start_day&test_name=web_connectivity&domain=www.grindr.com,Access Now
United Kingdom,GB,London Metro,2019-05-18,2019-05-18,Protests,Public Wifi,https://www.independent.co.uk/news/uk/home-news/london-tube-wifi-down-internet-not-working-underground-protest-extinction-rebellion-a8873681.html,Access Now
Uzbekistan,UZ,"Nationwide, Entire country",2021-11-03,2022-08-01,Information control,"Facebook, Instagram, Telegram, Facebook, Instagram, LinkedIn, Moi Mir, Odnoklassniki, Telegram, and YouTube, Facebook, Twitter, Instagram, Telegram, WeChat, VKontakte, LinkedIn, Moi Mir, Odnoklassniki, and YouTube","https://www.rferl.org/a/uzbekistan-social-media-restrictions/31544451.html, https://www.rferl.org/a/uzbekistan-social-media-restrictions/31544451.html; https://explorer.ooni.org/chart/mat?probe_cc=UZ&test_name=web_connectivity&domain=twitter.com&since=2022-02-08&until=2023-02-08&axis_x=measurement_start_day; https://thediplomat.com/2022/08/uzbekistan-unblocks-twitter-tiktok-still-restricted/",Access Now
Uzbekistan,UZ,nationwide,2016-08-31,,Political instability,,https://web.archive.org/web/20160905211817/http://www.nytimes.com/aponline/2016/09/02/world/asia/ap-as-uzbekistan-president.html,Access Now
Venezuela,VE,National,2020-05-31,2020-05-31,Other,"Instagram, Youtube",https://twitter.com/vesinfiltro/status/1267136497880387584,Access Now
Venezuela,VE,National,2020-01-05,2020-01-05,Other,"Facebook, Twitter, Instagram, Facebook Messenger, YouTube, Twitter, Instagram, YouTube, Facebook",https://www.elnacional.com/venezuela/cantv-bloquea-las-redes-sociales-para-censurar-sesion-de-la-asamblea-nacional/,"Access Now, NetBlocks"
Venezuela,VE,National,2019-11-16,2019-11-16,"no_cause, Protests","Facebook, Twitter, Instagram, Twitter, Facebook, Instagram, YouTube","https://pulse.internetsociety.org/shutdowns/shutdown-195, https://netblocks.org/reports/twitter-facebook-and-instagram-restricted-in-venezuela-on-day-of-planned-protests-98aMZv8o","Pulse, Access Now, NetBlocks"
Venezuela,VE,National,2019-06-19,,,"YouTube, Google services, and Bing",,NetBlocks
Venezuela,VE,National,2019-06-17,2019-06-18,"government_action, Information Control","Twitter, Instagram, Twitter and Instagram, YouTube, several Google services, Android mobile backend servers and Microsoft Bing","https://netblocks.org/reports/twitter-and-instagram-restricted-in-venezuela-during-national-assembly-session-XB7wk1B7, https://twitter.com/vesinfiltro/status/1142067381004640256, https://pulse.internetsociety.org/shutdowns/shutdown-134","Pulse, Access Now, NetBlocks"
Venezuela,VE,National,2019-06-15,2019-06-15,,"Instagram, YouTube, Periscope, Bing and Google services",,NetBlocks
Venezuela,VE,National,2019-06-11,2019-06-11,,"YouTube, Periscope, Bing and Google services",,NetBlocks
Venezuela,VE,National,2019-05-23,2019-05-24,,"YouTube, Periscope, several Google services, Android mobile backend servers and Microsoft Bing, YouTube, several Google services, Android mobile backend servers and Microsoft Bing",,NetBlocks
Venezuela,VE,National,2019-05-21,2019-05-21,,"YouTube, Twitter’s video service Periscope, Google services and Bing",,NetBlocks
Venezuela,VE,National,2019-05-18,2019-05-18,,"YouTube, several Google services, Android mobile backend servers and Microsoft Bing",,NetBlocks
Venezuela,VE,National,2019-05-14,2019-05-16,"no_cause, Information Control","YouTube, Google services, Bing and Periscope, Instagram, Periscope","https://twitter.com/vesinfiltro/status/1128710360222130178, https://twitter.com/vesinfiltro/status/1128713605665390594, https://pulse.internetsociety.org/shutdowns/shutdown-97","Pulse, Access Now, NetBlocks"
Venezuela,VE,National,2019-05-11,2019-05-11,,"YouTube, Google services, Bing and Periscope",,NetBlocks
Venezuela,VE,National,2019-05-09,2019-05-09,,"YouTube, Google apps, Android backend servers and Microsoft Bing, YouTube, Google services, Twitter’s Periscope and Bing",,NetBlocks
Venezuela,VE,National,2019-05-07,2019-05-07,,"YouTube, Google apps, Android backend servers and Microsoft Bing",,NetBlocks
Venezuela,VE,National,2019-05-05,2019-05-06,"no_cause, Information Control","Twitter, Instagram, Periscope","https://pulse.internetsociety.org/shutdowns/shutdown-89, https://twitter.com/vesinfiltro/status/1125213527092998144?s=20","Pulse, Access Now"
Venezuela,VE,National,2019-05-02,2019-05-03,"no_cause, Information Control","YouTube, Google services, Bing and Periscope, Facebook, Twitter, Instagram, Periscope, Google services (and briefly, Twitter and Instagram)","https://pulse.internetsociety.org/shutdowns/shutdown-85, https://twitter.com/vesinfiltro/status/1124060361358028809, https://twitter.com/vesinfiltro/status/1124065467407245312,https://netblocks.org/reports/streaming-services-disrupted-in-venezuela-as-guaido-speaks-from-caracas-pA2zKmAb","Pulse, Access Now, NetBlocks"
Venezuela,VE,National,2019-04-30,2019-04-30,"no_cause, Information Control","Facebook, Twitter, YouTube, Google services and Bing, Twitter, Periscope, YouTube, Facebook and several other services","https://pulse.internetsociety.org/shutdowns/shutdown-83, https://twitter.com/vesinfiltro/status/1123190865202118656, https://twitter.com/PressTV/status/1123393434142646272, https://twitter.com/vesinfiltro/status/1123296060540170240, https://twitter.com/OVCSocial/status/1123372785575899136","Pulse, Access Now, NetBlocks"
Venezuela,VE,National,2019-04-27,2019-04-27,"no_cause, Information Control","Twitter, Instagram, Instagram and Periscope","https://twitter.com/netblocks/status/1122218041964679174, https://pulse.internetsociety.org/shutdowns/shutdown-81","Pulse, Access Now, NetBlocks"
Venezuela,VE,National,2019-04-19,2019-04-19,,"YouTube, several Google services, Android mobile backend servers and Microsoft Bing",,NetBlocks
Venezuela,VE,National,2019-04-14,2019-04-14,,"YouTube, Twitter’s video streaming service Periscope, several Google services and Microsoft Bing",,NetBlocks
Venezuela,VE,National,2019-03-27,2019-03-27,,"YouTube, Twitter’s video streaming service Periscope, several Google services and Microsoft Bing",,NetBlocks
Venezuela,VE,National,2019-03-07,,,YouTube,,NetBlocks
Venezuela,VE,National,2019-03-03,2019-03-04,"no_cause, Information Control",Twitter,"https://twitter.com/vesinfiltro/status/1102594584448811008, https://pulse.internetsociety.org/shutdowns/shutdown-44","Pulse, Access Now, NetBlocks"
Venezuela,VE,National,2019-02-27,2019-02-28,"no_cause, Information Control","Twitter, Twitter, Soundcloud, YouTube, Bing and Google services","https://twitter.com/vesinfiltro/status/1100887637395734529, https://pulse.internetsociety.org/shutdowns/shutdown-40","Pulse, Access Now, NetBlocks"
Venezuela,VE,National,2019-02-24,2019-02-25,,"YouTube, VIVOplay, Bing and Google services, YouTube, streaming services",,NetBlocks
Venezuela,VE,National,2019-02-22,2019-02-23,,"YouTube, Bing, Google services, YouTube, VIVOplay, Bing, Google services, Periscope",,NetBlocks
Venezuela,VE,National,2019-02-18,,,"YouTube, Bing",,NetBlocks
Venezuela,VE,National,2019-02-16,,,Venezuela’s Coalition for Aid and Freedom web platform,,NetBlocks
Venezuela,VE,National,2019-02-12,2019-02-12,,"YouTube, other Google services",,NetBlocks
Venezuela,VE,National,2019-01-29,,,"Periscope, YouTube",,NetBlocks
Venezuela,VE,National,2019-01-27,2019-01-27,,"Instagram, YouTube, Facebook, Periscope blocked, Periscope, YouTube, Instagram and Facebook",https://x.com/vesinfiltro/status/1089883867618652160,"OONI, NetBlocks"
Venezuela,VE,National,2019-01-25,2019-01-26,"Unknown, no_cause, Information Control","Facebook, Twitter, Instagram, Instagram, Instagram blocked again","https://x.com/vesinfiltro/status/1088833974603001856, https://pulse.internetsociety.org/shutdowns/shutdown-21, https://pulse.internetsociety.org/shutdowns/shutdown-19, https://ooni.org/post/venezuela-blocking-wikipedia-and-social-media-2019/, https://apnews.com/d99b8fe46b434d3bb966b7531e04bf6e","OONI, Access Now, Pulse"
Venezuela,VE,National,2019-01-23,,protests,"Facebook, Instagram, YouTube, Google search, Android servers, etc.",,NetBlocks
Venezuela,VE,National,2019-01-21,2019-01-21,"no_cause, Protests","Twitter, Instagram, Blocking of Instagram, Twitter, YouTube","https://vesinfiltro.com/noticias/twitter_youtube_instagram_2019-01/, https://pulse.internetsociety.org/shutdowns/shutdown-15, https://ooni.org/post/venezuela-blocking-wikipedia-and-social-media-2019/, https://netblocks.org/reports/venezuela-social-media-restricted-amid-caracas-incident-zgBLoXA4","OONI, Access Now, NetBlocks, Pulse"
Venezuela,VE,National,2019-01-12,2019-01-18,,"Blocking Wikipedia, Wikipedia",,"OONI, NetBlocks"
Venezuela,VE,National,2018-08-13,,,Blocking of independent news media armando.info,,OONI
Venezuela,VE,National,2018-06-20,2018-08-30,,Blocking of Tor,https://metrics.torproject.org/userstats-relay-country.html?start=2018-05-01&end=2018-10-01&country=ve&events=off,OONI
Venezuela,VE,National,2018-06-06,2018-06-10,,Blocking of independent news media lapatilla.com,,OONI
Venezuela,VE,National,2018-04-11,,,Blocking of independent news media,https://x.com/vesinfiltro/status/984156584845692928,OONI
Venezuela,VE,National,2017-04-07,,,Blocking of news websites,https://vesinfiltro.com/noticias/bloqueos_abril_2017/,OONI
Venezuela,VE,National,2014-03-06,,,Blocking of Zello walk-talkie app,https://www.infobae.com/2014/03/06/1548288-zello-la-aplicacion-terrorista-los-estudiantes-venezolanos/,OONI
Viet Nam,VN,National,2020-02-16,2020-04-06,Information control,Facebook,https://www.reuters.com/article/us-vietnam-facebook-exclusive-idUSKCN2232JX,Access Now
Viet Nam,VN,nationwide,2016-05-22,2016-05-26,Other,Facebook,http://www.reuters.com/article/us-vietnam-obama-facebook-idUSKCN0YH2MZ,Access Now
Viet Nam,VN,"Hanoi, Saigon",2016-05-14,,Protests,"Facebook, Instagram",https://techcrunch.com/2016/05/17/facebook-blocked-in-vietnam-over-the-weekend-due-to-citizen-protests/,Access Now
Yemen,YE,Hajjour regions,2019-03-11,,Unknown,,http://adengd.net/news/372861,Access Now
Yemen,YE,Nationwide,2017-12-07,2017-12-14,Information control,,https://smex.org/internet-shutdown-in-yemen-recurring-disruptions-threaten-civilian-safety-human-rights-and-press-freedom/,Access Now
Yemen,YE,Nationwide,2010-05-01,,Other,Skype,https://reliefweb.int/report/yemen/skype-banned-yemen-protect-state-monopoly-over-international-calls,Access Now
Zambia,ZM,"National, Entire country",2021-08-12,2021-08-14,"elections, Elections","Facebook, Twitter, WhatsApp, Instagram, Blocking of WhatsApp, Facebook, Twitter during elections, Twitter, Facebook, Instagram, Messenger, WhatsApp, Twitter, WhatsApp, Facebook",https://pulse.internetsociety.org/shutdowns/social-media-limitations-in-zambia,"OONI, Access Now, NetBlocks, Pulse"
Zambia,ZM,National,2016-08-16,,,Internet shutdown approx. a week after contested elections,,OONI
Zambia,ZM,National,2013-07-16,,,Blocking HTTPS connections to Zambianwatchdog.com,,OONI
Zambia,ZM,National,2013-06-24,,,Blocking HTTP connections to Zambianwatchdog.com,,OONI
Zimbabwe,ZW,Harare,2022-02-20,2022-02-20,Protests,"Facebook, Twitter, WhatsApp",https://www.newsday.co.zw/theindependent/slider/article/4091/cyberspace-the-new-zim-political-battlefield,Access Now
Zimbabwe,ZW,National,2019-01-15,2019-01-24,"Protests, protests","Blocking social media -> Internet shutdown amidst protests, Facebook, Twitter, WhatsApp, Instagram, Telegram, Tinder, Shutdowns + blocking of Facebook, Twitter, WhatsApp, Pinterest, Tinder, etc",https://www.accessnow.org/zimbabwe-orders-a-three-day-country-wide-internet-shutdown/,"OONI, Access Now, NetBlocks"
Zimbabwe,ZW,Regional,2018-08-01,,,Blocking of election watchdog site zimelection.com,https://x.com/zimelection2018/status/1024716868505010177,OONI
Zimbabwe,ZW,Harare,2016-07-06,2016-07-06,Protests,Social media,https://www.nytimes.com/2016/10/03/world/africa/zimbabwe-robert-mugabe-whatsapp.html?_r=2,Access Now